timestamp,x,y,pressure,dot_type,tilt_x,tilt_y,section,owner,note,page
1697842027492,-1,-1,0,PEN_DOWN,0,0,-1,-1,-1,-1
1697842027515,17.96,24.54,201,PEN_MOVE,110,116,3,27,746,3
1697842027539,17.95,24.51,286,PEN_MOVE,111,127,3,27,746,3
1697842027608,17.98,24.5,399,PEN_MOVE,108,124,3,27,746,3
1697842027643,17.99,24.56,433,PEN_MOVE,108,125,3,27,746,3
1697842027654,18.0,24.64,434,PEN_MOVE,108,124,3,27,746,3
1697842027666,18.01,24.76,431,PEN_MOVE,107,125,3,27,746,3
1697842027676,18.02,24.84,428,PEN_MOVE,109,124,3,27,746,3
1697842027688,18.03,24.9,427,PEN_MOVE,107,125,3,27,746,3
1697842027700,18.04,24.96,425,PEN_MOVE,107,127,3,27,746,3
1697842027711,18.06,25.01,425,PEN_MOVE,107,125,3,27,746,3
1697842027723,18.08,25.05,424,PEN_MOVE,107,125,3,27,746,3
1697842027735,18.1,25.09,423,PEN_MOVE,107,125,3,27,746,3
1697842027746,18.13,25.14,423,PEN_MOVE,111,127,3,27,746,3
1697842027758,18.16,25.2,422,PEN_MOVE,110,127,3,27,746,3
1697842027769,18.21,25.26,422,PEN_MOVE,110,126,3,27,746,3
1697842027781,18.25,25.32,418,PEN_MOVE,110,127,3,27,746,3
1697842027793,18.3,25.37,417,PEN_MOVE,109,127,3,27,746,3
1697842027804,18.35,25.41,416,PEN_MOVE,108,127,3,27,746,3
1697842027816,18.4,25.44,414,PEN_MOVE,108,127,3,27,746,3
1697842027827,18.45,25.47,412,PEN_MOVE,108,127,3,27,746,3
1697842027838,18.49,25.48,408,PEN_MOVE,108,128,3,27,746,3
1697842027851,18.53,25.49,405,PEN_MOVE,108,137,3,27,746,3
1697842027862,18.56,25.49,400,PEN_MOVE,108,128,3,27,746,3
1697842027873,18.59,25.48,399,PEN_MOVE,108,128,3,27,746,3
1697842027885,18.63,25.47,395,PEN_MOVE,108,129,3,27,746,3
1697842027908,18.67,25.42,381,PEN_MOVE,107,128,3,27,746,3
1697842027920,18.68,25.39,377,PEN_MOVE,108,128,3,27,746,3
1697842027931,18.71,25.34,376,PEN_MOVE,108,138,3,27,746,3
1697842027943,18.74,25.29,374,PEN_MOVE,108,128,3,27,746,3
1697842027954,18.77,25.24,371,PEN_MOVE,108,128,3,27,746,3
1697842027965,18.79,25.2,370,PEN_MOVE,107,128,3,27,746,3
1697842027977,18.8,25.16,370,PEN_MOVE,108,137,3,27,746,3
1697842027989,18.82,25.11,370,PEN_MOVE,108,138,3,27,746,3
1697842028001,18.83,25.04,373,PEN_MOVE,110,128,3,27,746,3
1697842028012,18.85,24.99,373,PEN_MOVE,109,137,3,27,746,3
1697842028024,18.86,24.95,390,PEN_MOVE,109,137,3,27,746,3
1697842028035,18.87,24.92,392,PEN_MOVE,108,128,3,27,746,3
1697842028046,18.87,24.87,391,PEN_MOVE,108,129,3,27,746,3
1697842028058,18.88,24.82,391,PEN_MOVE,107,129,3,27,746,3
1697842028070,18.88,24.75,391,PEN_MOVE,108,137,3,27,746,3
1697842028082,18.88,24.69,391,PEN_MOVE,108,137,3,27,746,3
1697842028093,18.89,24.65,391,PEN_MOVE,108,129,3,27,746,3
1697842028174,18.89,24.68,411,PEN_MOVE,108,128,3,27,746,3
1697842028185,18.89,24.75,412,PEN_MOVE,108,137,3,27,746,3
1697842028197,18.89,24.84,412,PEN_MOVE,109,128,3,27,746,3
1697842028209,18.9,24.94,411,PEN_MOVE,109,126,3,27,746,3
1697842028220,18.91,25.0,411,PEN_MOVE,109,127,3,27,746,3
1697842028232,18.93,25.05,413,PEN_MOVE,107,128,3,27,746,3
1697842028243,18.97,25.12,413,PEN_MOVE,107,127,3,27,746,3
1697842028255,19.02,25.2,413,PEN_MOVE,106,129,3,27,746,3
1697842028266,19.07,25.26,412,PEN_MOVE,106,127,3,27,746,3
1697842028278,19.12,25.32,412,PEN_MOVE,106,137,3,27,746,3
1697842028289,19.16,25.36,411,PEN_MOVE,106,129,3,27,746,3
1697842028301,19.2,25.39,412,PEN_MOVE,107,127,3,27,746,3
1697842028312,19.25,25.42,412,PEN_MOVE,106,127,3,27,746,3
1697842028324,19.29,25.43,411,PEN_MOVE,106,126,3,27,746,3
1697842028335,19.32,25.44,412,PEN_MOVE,107,126,3,27,746,3
1697842028346,19.36,25.44,410,PEN_MOVE,106,128,3,27,746,3
1697842028358,19.39,25.43,409,PEN_MOVE,106,127,3,27,746,3
1697842028370,19.42,25.42,408,PEN_MOVE,106,127,3,27,746,3
1697842028382,19.46,25.39,407,PEN_MOVE,107,129,3,27,746,3
1697842028394,19.5,25.35,406,PEN_MOVE,109,127,3,27,746,3
1697842028405,19.52,25.3,406,PEN_MOVE,105,127,3,27,746,3
1697842028417,19.54,25.26,407,PEN_MOVE,105,128,3,27,746,3
1697842028428,19.57,25.21,408,PEN_MOVE,108,127,3,27,746,3
1697842028440,19.6,25.16,409,PEN_MOVE,108,127,3,27,746,3
1697842028451,19.61,25.09,409,PEN_MOVE,108,127,3,27,746,3
1697842028462,19.63,25.02,408,PEN_MOVE,107,127,3,27,746,3
1697842028474,19.64,24.96,407,PEN_MOVE,107,127,3,27,746,3
1697842028486,19.65,24.91,409,PEN_MOVE,105,127,3,27,746,3
1697842028497,19.66,24.88,413,PEN_MOVE,107,126,3,27,746,3
1697842028508,19.65,24.85,418,PEN_MOVE,105,127,3,27,746,3
1697842028520,19.66,24.81,423,PEN_MOVE,105,127,3,27,746,3
1697842028531,19.65,24.77,425,PEN_MOVE,105,128,3,27,746,3
1697842028543,19.65,24.73,426,PEN_MOVE,108,128,3,27,746,3
1697842028555,19.65,24.69,424,PEN_MOVE,105,128,3,27,746,3
1697842028567,19.65,24.66,423,PEN_MOVE,105,128,3,27,746,3
1697842028601,19.65,24.63,312,PEN_MOVE,105,128,3,27,746,3
1697842028624,19.65,24.62,11,PEN_MOVE,106,127,3,27,746,3
1697842028640,-1,-1,0,PEN_UP,0,0,3,27,746,3
1697842028846,-1,-1,0,PEN_DOWN,0,0,3,27,746,3
1697842028869,20.63,24.68,150,PEN_MOVE,106,127,3,27,746,3
1697842028915,20.66,24.71,302,PEN_MOVE,107,127,3,27,746,3
1697842028973,20.69,24.71,371,PEN_MOVE,107,128,3,27,746,3
1697842029042,20.69,24.68,439,PEN_MOVE,108,126,3,27,746,3
1697842029065,20.68,24.65,433,PEN_MOVE,108,126,3,27,746,3
1697842029088,20.62,24.61,430,PEN_MOVE,105,127,3,27,746,3
1697842029100,20.58,24.59,430,PEN_MOVE,105,127,3,27,746,3
1697842029111,20.54,24.57,431,PEN_MOVE,106,126,3,27,746,3
1697842029123,20.48,24.56,430,PEN_MOVE,108,128,3,27,746,3
1697842029134,20.4,24.55,449,PEN_MOVE,106,126,3,27,746,3
1697842029146,20.32,24.54,447,PEN_MOVE,107,128,3,27,746,3
1697842029158,20.25,24.55,442,PEN_MOVE,107,126,3,27,746,3
1697842029169,20.17,24.57,438,PEN_MOVE,107,125,3,27,746,3
1697842029180,20.1,24.61,435,PEN_MOVE,109,126,3,27,746,3
1697842029192,20.05,24.68,427,PEN_MOVE,108,126,3,27,746,3
1697842029204,20.01,24.76,425,PEN_MOVE,109,125,3,27,746,3
1697842029215,19.97,24.85,424,PEN_MOVE,108,127,3,27,746,3
1697842029227,19.95,24.95,424,PEN_MOVE,109,124,3,27,746,3
1697842029238,19.94,25.05,424,PEN_MOVE,108,128,3,27,746,3
1697842029250,19.93,25.15,424,PEN_MOVE,109,126,3,27,746,3
1697842029262,19.93,25.24,423,PEN_MOVE,108,127,3,27,746,3
1697842029273,19.95,25.31,424,PEN_MOVE,108,126,3,27,746,3
1697842029285,19.97,25.36,423,PEN_MOVE,107,126,3,27,746,3
1697842029296,20.0,25.39,422,PEN_MOVE,107,126,3,27,746,3
1697842029307,20.04,25.41,421,PEN_MOVE,108,124,3,27,746,3
1697842029319,20.09,25.43,419,PEN_MOVE,107,125,3,27,746,3
1697842029331,20.14,25.43,417,PEN_MOVE,106,125,3,27,746,3
1697842029342,20.19,25.43,415,PEN_MOVE,106,126,3,27,746,3
1697842029354,20.25,25.42,413,PEN_MOVE,105,127,3,27,746,3
1697842029365,20.31,25.38,408,PEN_MOVE,106,128,3,27,746,3
1697842029377,20.35,25.31,406,PEN_MOVE,105,128,3,27,746,3
1697842029388,20.41,25.22,406,PEN_MOVE,105,128,3,27,746,3
1697842029400,20.45,25.13,406,PEN_MOVE,106,128,3,27,746,3
1697842029412,20.48,25.06,409,PEN_MOVE,105,128,3,27,746,3
1697842029423,20.5,24.98,406,PEN_MOVE,106,129,3,27,746,3
1697842029435,20.51,24.9,402,PEN_MOVE,106,129,3,27,746,3
1697842029446,20.51,24.83,399,PEN_MOVE,105,128,3,27,746,3
1697842029458,20.51,24.74,397,PEN_MOVE,105,129,3,27,746,3
1697842029469,20.51,24.66,397,PEN_MOVE,105,129,3,27,746,3
1697842029481,20.5,24.62,399,PEN_MOVE,105,128,3,27,746,3
1697842029492,20.5,24.59,403,PEN_MOVE,106,128,3,27,746,3
1697842029515,20.47,24.59,396,PEN_MOVE,107,128,3,27,746,3
1697842029539,20.43,24.68,393,PEN_MOVE,106,128,3,27,746,3
1697842029550,20.42,24.84,394,PEN_MOVE,106,127,3,27,746,3
1697842029562,20.41,24.98,394,PEN_MOVE,107,127,3,27,746,3
1697842029573,20.41,25.09,395,PEN_MOVE,106,125,3,27,746,3
1697842029585,20.42,25.18,396,PEN_MOVE,106,126,3,27,746,3
1697842029596,20.42,25.27,398,PEN_MOVE,105,126,3,27,746,3
1697842029608,20.44,25.34,399,PEN_MOVE,109,124,3,27,746,3
1697842029620,20.46,25.41,400,PEN_MOVE,105,125,3,27,746,3
1697842029631,20.49,25.47,401,PEN_MOVE,107,126,3,27,746,3
1697842029643,20.52,25.51,401,PEN_MOVE,108,126,3,27,746,3
1697842029654,20.55,25.55,400,PEN_MOVE,108,127,3,27,746,3
1697842029666,20.58,25.59,395,PEN_MOVE,107,127,3,27,746,3
1697842029677,20.61,25.61,377,PEN_MOVE,106,126,3,27,746,3
1697842029701,20.63,25.63,114,PEN_MOVE,105,127,3,27,746,3
1697842029721,-1,-1,0,PEN_UP,0,0,3,27,746,3
1697842029919,-1,-1,0,PEN_DOWN,0,0,3,27,746,3
1697842029942,21.65,24.65,169,PEN_MOVE,104,125,3,27,746,3
1697842029976,21.65,24.62,264,PEN_MOVE,105,127,3,27,746,3
1697842030011,21.64,24.59,328,PEN_MOVE,106,128,3,27,746,3
1697842030034,21.59,24.57,335,PEN_MOVE,106,126,3,27,746,3
1697842030046,21.54,24.56,352,PEN_MOVE,105,127,3,27,746,3
1697842030057,21.47,24.56,357,PEN_MOVE,106,127,3,27,746,3
1697842030069,21.39,24.56,349,PEN_MOVE,106,128,3,27,746,3
1697842030080,21.31,24.58,345,PEN_MOVE,107,124,3,27,746,3
1697842030091,21.23,24.61,339,PEN_MOVE,106,129,3,27,746,3
1697842030103,21.16,24.65,332,PEN_MOVE,108,129,3,27,746,3
1697842030115,21.12,24.7,327,PEN_MOVE,108,128,3,27,746,3
1697842030127,21.09,24.74,327,PEN_MOVE,105,128,3,27,746,3
1697842030138,21.08,24.79,327,PEN_MOVE,109,128,3,27,746,3
1697842030150,21.08,24.84,327,PEN_MOVE,105,128,3,27,746,3
1697842030161,21.09,24.88,328,PEN_MOVE,105,127,3,27,746,3
1697842030173,21.12,24.95,329,PEN_MOVE,107,126,3,27,746,3
1697842030185,21.17,25.0,330,PEN_MOVE,107,126,3,27,746,3
1697842030196,21.24,25.07,331,PEN_MOVE,107,127,3,27,746,3
1697842030207,21.32,25.13,332,PEN_MOVE,106,126,3,27,746,3
1697842030219,21.38,25.18,333,PEN_MOVE,106,126,3,27,746,3
1697842030230,21.44,25.23,333,PEN_MOVE,105,127,3,27,746,3
1697842030242,21.48,25.29,334,PEN_MOVE,106,125,3,27,746,3
1697842030254,21.51,25.34,336,PEN_MOVE,108,125,3,27,746,3
1697842030265,21.53,25.41,337,PEN_MOVE,104,126,3,27,746,3
1697842030277,21.54,25.46,338,PEN_MOVE,104,126,3,27,746,3
1697842030288,21.54,25.5,340,PEN_MOVE,105,126,3,27,746,3
1697842030300,21.53,25.54,343,PEN_MOVE,105,125,3,27,746,3
1697842030312,21.51,25.57,368,PEN_MOVE,105,126,3,27,746,3
1697842030323,21.48,25.59,389,PEN_MOVE,105,127,3,27,746,3
1697842030335,21.42,25.61,401,PEN_MOVE,105,127,3,27,746,3
1697842030346,21.35,25.62,439,PEN_MOVE,105,127,3,27,746,3
1697842030357,21.27,25.62,469,PEN_MOVE,106,128,3,27,746,3
1697842030369,21.2,25.62,476,PEN_MOVE,107,127,3,27,746,3
1697842030381,21.12,25.62,468,PEN_MOVE,108,127,3,27,746,3
1697842030392,21.05,25.61,455,PEN_MOVE,107,126,3,27,746,3
1697842030404,20.98,25.61,434,PEN_MOVE,105,129,3,27,746,3
1697842030415,20.93,25.6,357,PEN_MOVE,105,137,3,27,746,3
1697842030427,20.89,25.6,244,PEN_MOVE,108,128,3,27,746,3
1697842030438,20.86,25.61,117,PEN_MOVE,107,128,3,27,746,3
1697842030459,-1,-1,0,PEN_UP,0,0,3,27,746,3
1697842032084,-1,-1,0,PEN_DOWN,0,0,3,27,746,3
1697842032107,24.58,25.17,168,PEN_MOVE,105,139,3,27,746,3
1697842032130,24.62,25.17,260,PEN_MOVE,105,139,3,27,746,3
1697842032154,24.66,25.17,294,PEN_MOVE,108,140,3,27,746,3
1697842032176,24.7,25.16,303,PEN_MOVE,108,141,3,27,746,3
1697842032199,24.73,25.15,306,PEN_MOVE,107,140,3,27,746,3
1697842032222,24.75,25.11,312,PEN_MOVE,108,139,3,27,746,3
1697842032234,24.76,25.08,313,PEN_MOVE,108,141,3,27,746,3
1697842032246,24.77,25.03,312,PEN_MOVE,108,141,3,27,746,3
1697842032258,24.77,24.98,313,PEN_MOVE,105,140,3,27,746,3
1697842032269,24.76,24.94,314,PEN_MOVE,105,140,3,27,746,3
1697842032280,24.75,24.89,317,PEN_MOVE,105,153,3,27,746,3
1697842032292,24.73,24.83,316,PEN_MOVE,108,141,3,27,746,3
1697842032303,24.69,24.76,317,PEN_MOVE,105,143,3,27,746,3
1697842032315,24.64,24.71,316,PEN_MOVE,108,141,3,27,746,3
1697842032326,24.56,24.66,314,PEN_MOVE,105,140,3,27,746,3
1697842032338,24.48,24.64,313,PEN_MOVE,106,140,3,27,746,3
1697842032350,24.4,24.63,314,PEN_MOVE,106,142,3,27,746,3
1697842032361,24.32,24.63,309,PEN_MOVE,105,140,3,27,746,3
1697842032372,24.23,24.65,307,PEN_MOVE,106,143,3,27,746,3
1697842032384,24.15,24.7,307,PEN_MOVE,108,140,3,27,746,3
1697842032396,24.08,24.81,308,PEN_MOVE,109,140,3,27,746,3
1697842032408,24.03,24.95,309,PEN_MOVE,109,138,3,27,746,3
1697842032419,24.01,25.09,308,PEN_MOVE,109,139,3,27,746,3
1697842032431,24.0,25.22,308,PEN_MOVE,109,139,3,27,746,3
1697842032442,24.01,25.34,307,PEN_MOVE,107,139,3,27,746,3
1697842032453,24.04,25.44,307,PEN_MOVE,107,138,3,27,746,3
1697842032465,24.1,25.52,306,PEN_MOVE,105,139,3,27,746,3
1697842032476,24.19,25.57,307,PEN_MOVE,108,138,3,27,746,3
1697842032488,24.28,25.6,307,PEN_MOVE,108,140,3,27,746,3
1697842032500,24.38,25.61,306,PEN_MOVE,106,142,3,27,746,3
1697842032511,24.47,25.6,305,PEN_MOVE,107,141,3,27,746,3
1697842032522,24.56,25.57,304,PEN_MOVE,108,142,3,27,746,3
1697842032535,24.63,25.51,292,PEN_MOVE,106,141,3,27,746,3
1697842032546,24.67,25.43,291,PEN_MOVE,106,142,3,27,746,3
1697842032558,24.71,25.34,291,PEN_MOVE,107,141,3,27,746,3
1697842032569,24.74,25.26,291,PEN_MOVE,107,141,3,27,746,3
1697842032581,24.75,25.19,291,PEN_MOVE,107,142,3,27,746,3
1697842032592,24.76,25.11,291,PEN_MOVE,107,141,3,27,746,3
1697842032604,24.76,25.04,289,PEN_MOVE,108,143,3,27,746,3
1697842032616,24.76,24.98,287,PEN_MOVE,105,141,3,27,746,3
1697842032626,24.76,24.94,287,PEN_MOVE,105,154,3,27,746,3
1697842032674,24.76,25.01,301,PEN_MOVE,109,140,3,27,746,3
1697842032685,24.77,25.2,302,PEN_MOVE,107,139,3,27,746,3
1697842032696,24.78,25.42,305,PEN_MOVE,106,140,3,27,746,3
1697842032708,24.8,25.62,304,PEN_MOVE,106,140,3,27,746,3
1697842032719,24.82,25.79,306,PEN_MOVE,105,138,3,27,746,3
1697842032731,24.84,25.96,307,PEN_MOVE,106,137,3,27,746,3
1697842032743,24.83,26.11,307,PEN_MOVE,107,129,3,27,746,3
1697842032754,24.82,26.26,306,PEN_MOVE,104,138,3,27,746,3
1697842032766,24.79,26.36,315,PEN_MOVE,106,139,3,27,746,3
1697842032777,24.73,26.44,337,PEN_MOVE,106,138,3,27,746,3
1697842032789,24.64,26.51,337,PEN_MOVE,106,139,3,27,746,3
1697842032800,24.55,26.57,372,PEN_MOVE,107,138,3,27,746,3
1697842032812,24.44,26.6,380,PEN_MOVE,106,140,3,27,746,3
1697842032823,24.32,26.61,387,PEN_MOVE,107,140,3,27,746,3
1697842032835,24.21,26.61,403,PEN_MOVE,108,138,3,27,746,3
1697842032846,24.11,26.6,421,PEN_MOVE,107,140,3,27,746,3
1697842032858,24.02,26.58,430,PEN_MOVE,108,139,3,27,746,3
1697842032870,23.94,26.55,420,PEN_MOVE,109,138,3,27,746,3
1697842032881,23.86,26.51,391,PEN_MOVE,108,137,3,27,746,3
1697842032893,23.78,26.46,315,PEN_MOVE,105,140,3,27,746,3
1697842032904,23.73,26.42,245,PEN_MOVE,108,139,3,27,746,3
1697842032916,23.7,26.38,145,PEN_MOVE,108,140,3,27,746,3
1697842032927,23.68,26.35,2,PEN_MOVE,107,141,3,27,746,3
1697842032942,-1,-1,0,PEN_UP,0,0,3,27,746,3
1697842033158,-1,-1,0,PEN_DOWN,0,0,3,27,746,3
1697842033182,24.89,25.06,177,PEN_MOVE,107,140,3,27,746,3
1697842033193,24.91,25.09,208,PEN_MOVE,108,140,3,27,746,3
1697842033216,24.94,25.1,220,PEN_MOVE,106,140,3,27,746,3
1697842033227,24.97,25.11,218,PEN_MOVE,108,140,3,27,746,3
1697842033239,25.01,25.11,214,PEN_MOVE,109,140,3,27,746,3
1697842033251,25.08,25.11,209,PEN_MOVE,107,138,3,27,746,3
1697842033262,25.16,25.11,216,PEN_MOVE,106,139,3,27,746,3
1697842033274,25.23,25.1,225,PEN_MOVE,105,139,3,27,746,3
1697842033286,25.31,25.06,224,PEN_MOVE,105,139,3,27,746,3
1697842033296,25.4,25.01,226,PEN_MOVE,108,128,3,27,746,3
1697842033308,25.46,24.95,249,PEN_MOVE,108,137,3,27,746,3
1697842033320,25.51,24.89,249,PEN_MOVE,105,138,3,27,746,3
1697842033332,25.56,24.82,249,PEN_MOVE,108,138,3,27,746,3
1697842033343,25.59,24.76,263,PEN_MOVE,108,140,3,27,746,3
1697842033355,25.62,24.7,272,PEN_MOVE,105,139,3,27,746,3
1697842033366,25.62,24.65,272,PEN_MOVE,108,140,3,27,746,3
1697842033378,25.62,24.6,273,PEN_MOVE,105,141,3,27,746,3
1697842033389,25.62,24.55,285,PEN_MOVE,109,140,3,27,746,3
1697842033401,25.6,24.5,296,PEN_MOVE,109,140,3,27,746,3
1697842033412,25.56,24.47,300,PEN_MOVE,105,139,3,27,746,3
1697842033424,25.49,24.45,306,PEN_MOVE,106,138,3,27,746,3
1697842033436,25.42,24.45,322,PEN_MOVE,105,140,3,27,746,3
1697842033446,25.34,24.46,335,PEN_MOVE,106,138,3,27,746,3
1697842033458,25.27,24.51,333,PEN_MOVE,108,129,3,27,746,3
1697842033470,25.21,24.62,331,PEN_MOVE,105,129,3,27,746,3
1697842033482,25.13,24.75,333,PEN_MOVE,106,140,3,27,746,3
1697842033494,25.09,24.9,332,PEN_MOVE,106,139,3,27,746,3
1697842033505,25.07,25.07,331,PEN_MOVE,105,139,3,27,746,3
1697842033517,25.06,25.19,331,PEN_MOVE,106,140,3,27,746,3
1697842033528,25.06,25.31,329,PEN_MOVE,106,140,3,27,746,3
1697842033540,25.07,25.42,329,PEN_MOVE,105,138,3,27,746,3
1697842033551,25.12,25.5,329,PEN_MOVE,108,141,3,27,746,3
1697842033563,25.2,25.57,328,PEN_MOVE,108,137,3,27,746,3
1697842033574,25.29,25.61,328,PEN_MOVE,109,140,3,27,746,3
1697842033586,25.39,25.64,325,PEN_MOVE,107,141,3,27,746,3
1697842033598,25.48,25.64,324,PEN_MOVE,108,139,3,27,746,3
1697842033609,25.59,25.62,322,PEN_MOVE,107,139,3,27,746,3
1697842033620,25.69,25.56,320,PEN_MOVE,106,139,3,27,746,3
1697842033632,25.78,25.46,315,PEN_MOVE,105,140,3,27,746,3
1697842033644,25.86,25.36,316,PEN_MOVE,104,140,3,27,746,3
1697842033655,25.91,25.25,315,PEN_MOVE,106,141,3,27,746,3
1697842033666,25.95,25.14,316,PEN_MOVE,107,142,3,27,746,3
1697842033678,25.98,25.03,315,PEN_MOVE,106,142,3,27,746,3
1697842033690,26.01,24.89,316,PEN_MOVE,106,141,3,27,746,3
1697842033701,26.03,24.75,318,PEN_MOVE,107,143,3,27,746,3
1697842033713,26.03,24.58,324,PEN_MOVE,105,154,3,27,746,3
1697842033725,26.03,24.42,331,PEN_MOVE,105,154,3,27,746,3
1697842033736,26.03,24.26,334,PEN_MOVE,108,154,3,27,746,3
1697842033747,26.03,24.13,336,PEN_MOVE,106,142,3,27,746,3
1697842033759,26.02,24.02,346,PEN_MOVE,105,143,3,27,746,3
1697842033770,26.02,23.95,358,PEN_MOVE,105,142,3,27,746,3
1697842033782,26.01,23.89,372,PEN_MOVE,106,141,3,27,746,3
1697842033794,26.0,23.85,388,PEN_MOVE,106,140,3,27,746,3
1697842033805,25.99,23.83,406,PEN_MOVE,106,141,3,27,746,3
1697842033840,25.98,23.86,442,PEN_MOVE,108,139,3,27,746,3
1697842033851,25.98,23.99,444,PEN_MOVE,108,142,3,27,746,3
1697842033863,25.99,24.27,449,PEN_MOVE,106,140,3,27,746,3
1697842033875,26.0,24.53,449,PEN_MOVE,108,142,3,27,746,3
1697842033886,26.01,24.77,449,PEN_MOVE,106,141,3,27,746,3
1697842033897,26.03,24.96,448,PEN_MOVE,106,137,3,27,746,3
1697842033910,26.04,25.12,449,PEN_MOVE,107,140,3,27,746,3
1697842033921,26.05,25.28,449,PEN_MOVE,105,138,3,27,746,3
1697842033932,26.06,25.38,452,PEN_MOVE,105,139,3,27,746,3
1697842033944,26.07,25.47,453,PEN_MOVE,103,138,3,27,746,3
1697842033955,26.07,25.52,458,PEN_MOVE,104,139,3,27,746,3
1697842033967,26.07,25.55,483,PEN_MOVE,104,140,3,27,746,3
1697842033990,26.07,25.58,480,PEN_MOVE,103,140,3,27,746,3
1697842034048,26.05,25.55,500,PEN_MOVE,104,139,3,27,746,3
1697842034059,26.05,25.49,494,PEN_MOVE,105,140,3,27,746,3
1697842034071,26.04,25.34,490,PEN_MOVE,103,141,3,27,746,3
1697842034083,26.03,25.16,489,PEN_MOVE,107,141,3,27,746,3
1697842034094,26.03,24.99,484,PEN_MOVE,107,141,3,27,746,3
1697842034106,26.04,24.85,477,PEN_MOVE,107,143,3,27,746,3
1697842034117,26.06,24.78,469,PEN_MOVE,106,140,3,27,746,3
1697842034129,26.08,24.72,467,PEN_MOVE,106,142,3,27,746,3
1697842034140,26.11,24.67,463,PEN_MOVE,108,142,3,27,746,3
1697842034152,26.16,24.63,463,PEN_MOVE,107,143,3,27,746,3
1697842034163,26.23,24.62,463,PEN_MOVE,103,138,3,27,746,3
1697842034175,26.29,24.62,466,PEN_MOVE,105,138,3,27,746,3
1697842034186,26.36,24.63,471,PEN_MOVE,104,138,3,27,746,3
1697842034197,26.41,24.66,469,PEN_MOVE,103,138,3,27,746,3
1697842034210,26.46,24.74,443,PEN_MOVE,104,139,3,27,746,3
1697842034221,26.49,24.87,430,PEN_MOVE,104,139,3,27,746,3
1697842034232,26.51,25.01,423,PEN_MOVE,107,138,3,27,746,3
1697842034244,26.52,25.17,422,PEN_MOVE,106,139,3,27,746,3
1697842034256,26.53,25.32,408,PEN_MOVE,105,137,3,27,746,3
1697842034268,26.54,25.45,404,PEN_MOVE,107,126,3,27,746,3
1697842034279,26.54,25.56,406,PEN_MOVE,105,126,3,27,746,3
1697842034290,26.54,25.66,407,PEN_MOVE,103,128,3,27,746,3
1697842034302,26.54,25.73,408,PEN_MOVE,104,127,3,27,746,3
1697842034313,26.54,25.77,406,PEN_MOVE,104,127,3,27,746,3
1697842034348,26.54,25.78,135,PEN_MOVE,103,128,3,27,746,3
1697842034360,26.54,25.75,1,PEN_MOVE,103,139,3,27,746,3
1697842034384,-1,-1,0,PEN_UP,0,0,3,27,746,3
1697842034561,-1,-1,0,PEN_DOWN,0,0,3,27,746,3
1697842034584,27.7,23.96,186,PEN_MOVE,107,141,3,27,746,3
1697842034607,27.69,23.99,275,PEN_MOVE,107,140,3,27,746,3
1697842034619,27.68,24.03,305,PEN_MOVE,104,140,3,27,746,3
1697842034630,27.65,24.12,323,PEN_MOVE,107,140,3,27,746,3
1697842034642,27.59,24.25,345,PEN_MOVE,104,140,3,27,746,3
1697842034653,27.51,24.39,363,PEN_MOVE,104,140,3,27,746,3
1697842034665,27.41,24.56,358,PEN_MOVE,104,139,3,27,746,3
1697842034676,27.31,24.74,357,PEN_MOVE,105,141,3,27,746,3
1697842034688,27.23,24.92,355,PEN_MOVE,105,139,3,27,746,3
1697842034699,27.18,25.08,354,PEN_MOVE,106,140,3,27,746,3
1697842034711,27.14,25.23,353,PEN_MOVE,105,141,3,27,746,3
1697842034723,27.12,25.34,353,PEN_MOVE,105,140,3,27,746,3
1697842034734,27.12,25.42,351,PEN_MOVE,103,141,3,27,746,3
1697842034746,27.13,25.48,351,PEN_MOVE,104,140,3,27,746,3
1697842034757,27.14,25.53,347,PEN_MOVE,107,140,3,27,746,3
1697842034769,27.17,25.57,346,PEN_MOVE,107,139,3,27,746,3
1697842034781,27.21,25.59,342,PEN_MOVE,107,141,3,27,746,3
1697842034792,27.27,25.6,337,PEN_MOVE,106,140,3,27,746,3
1697842034804,27.35,25.61,324,PEN_MOVE,106,139,3,27,746,3
1697842034815,27.43,25.6,240,PEN_MOVE,107,142,3,27,746,3
1697842034826,27.51,25.58,140,PEN_MOVE,105,140,3,27,746,3
1697842034838,27.55,25.56,1,PEN_MOVE,105,140,3,27,746,3
1697842034864,-1,-1,0,PEN_UP,0,0,3,27,746,3
1697842035034,-1,-1,0,PEN_DOWN,0,0,3,27,746,3
1697842035057,26.96,24.88,266,PEN_MOVE,109,138,3,27,746,3
1697842035080,26.99,24.89,379,PEN_MOVE,108,137,3,27,746,3
1697842035092,27.0,24.9,390,PEN_MOVE,107,140,3,27,746,3
1697842035103,27.03,24.91,390,PEN_MOVE,105,139,3,27,746,3
1697842035115,27.07,24.92,388,PEN_MOVE,106,138,3,27,746,3
1697842035126,27.12,24.92,386,PEN_MOVE,107,138,3,27,746,3
1697842035138,27.19,24.93,383,PEN_MOVE,107,139,3,27,746,3
1697842035149,27.25,24.93,381,PEN_MOVE,105,137,3,27,746,3
1697842035161,27.32,24.94,380,PEN_MOVE,105,139,3,27,746,3
1697842035173,27.39,24.94,379,PEN_MOVE,104,128,3,27,746,3
1697842035184,27.46,24.95,378,PEN_MOVE,104,138,3,27,746,3
1697842035196,27.53,24.95,375,PEN_MOVE,104,127,3,27,746,3
1697842035207,27.59,24.96,374,PEN_MOVE,104,128,3,27,746,3
1697842035219,27.65,24.96,373,PEN_MOVE,107,129,3,27,746,3
1697842035230,27.7,24.97,374,PEN_MOVE,103,128,3,27,746,3
1697842035242,27.73,24.97,375,PEN_MOVE,107,128,3,27,746,3
1697842035254,27.76,24.98,377,PEN_MOVE,106,127,3,27,746,3
1697842035277,27.79,24.98,383,PEN_MOVE,106,128,3,27,746,3
1697842035335,27.82,24.99,394,PEN_MOVE,106,128,3,27,746,3
1697842035496,27.82,24.99,12,PEN_MOVE,104,129,3,27,746,3
1697842035512,-1,-1,0,PEN_UP,0,0,3,27,746,3
1697842053282,-1,-1,0,PEN_DOWN,0,0,3,27,746,3
1697842053305,28.32,25.61,224,PEN_MOVE,107,112,3,27,746,3
1697842053363,28.35,25.61,362,PEN_MOVE,107,113,3,27,746,3
1697842053398,28.39,25.62,348,PEN_MOVE,107,115,3,27,746,3
1697842053409,28.42,25.63,344,PEN_MOVE,107,116,3,27,746,3
1697842053421,28.48,25.64,340,PEN_MOVE,107,114,3,27,746,3
1697842053432,28.54,25.64,336,PEN_MOVE,107,114,3,27,746,3
1697842053444,28.58,25.64,333,PEN_MOVE,108,116,3,27,746,3
1697842053455,28.61,25.64,332,PEN_MOVE,108,116,3,27,746,3
1697842053513,28.57,25.64,360,PEN_MOVE,107,114,3,27,746,3
1697842053524,28.5,25.65,359,PEN_MOVE,107,114,3,27,746,3
1697842053536,28.45,25.66,362,PEN_MOVE,106,114,3,27,746,3
1697842053548,28.42,25.69,357,PEN_MOVE,107,115,3,27,746,3
1697842053559,28.41,25.76,350,PEN_MOVE,106,115,3,27,746,3
1697842053571,28.41,25.82,344,PEN_MOVE,107,113,3,27,746,3
1697842053583,28.42,25.86,339,PEN_MOVE,107,114,3,27,746,3
1697842053605,28.48,25.88,337,PEN_MOVE,107,115,3,27,746,3
1697842053617,28.52,25.88,338,PEN_MOVE,107,116,3,27,746,3
1697842053628,28.55,25.88,340,PEN_MOVE,107,115,3,27,746,3
1697842053698,28.54,25.91,292,PEN_MOVE,106,113,3,27,746,3
1697842053709,28.53,25.94,171,PEN_MOVE,105,113,3,27,746,3
1697842053721,28.52,26.01,1,PEN_MOVE,106,113,3,27,746,3
1697842053745,-1,-1,0,PEN_UP,0,0,3,27,746,3
1697842056098,-1,-1,0,PEN_DOWN,0,0,3,27,746,3
1697842056121,30.42,23.83,222,PEN_MOVE,105,68,3,27,746,3
1697842056191,30.45,23.85,396,PEN_MOVE,104,69,3,27,746,3
1697842056213,30.46,23.89,464,PEN_MOVE,105,67,3,27,746,3
1697842056225,30.46,23.96,464,PEN_MOVE,104,70,3,27,746,3
1697842056236,30.45,24.09,458,PEN_MOVE,106,71,3,27,746,3
1697842056248,30.44,24.27,451,PEN_MOVE,102,70,3,27,746,3
1697842056259,30.42,24.48,445,PEN_MOVE,106,69,3,27,746,3
1697842056271,30.39,24.64,440,PEN_MOVE,105,72,3,27,746,3
1697842056283,30.36,24.83,436,PEN_MOVE,105,72,3,27,746,3
1697842056295,30.33,24.99,435,PEN_MOVE,106,74,3,27,746,3
1697842056306,30.32,25.1,434,PEN_MOVE,105,74,3,27,746,3
1697842056318,30.31,25.23,435,PEN_MOVE,105,73,3,27,746,3
1697842056329,30.3,25.34,434,PEN_MOVE,105,72,3,27,746,3
1697842056340,30.29,25.41,435,PEN_MOVE,105,73,3,27,746,3
1697842056352,30.29,25.47,435,PEN_MOVE,105,72,3,27,746,3
1697842056364,30.29,25.52,434,PEN_MOVE,105,70,3,27,746,3
1697842056375,30.29,25.55,432,PEN_MOVE,105,71,3,27,746,3
1697842056386,30.29,25.58,431,PEN_MOVE,105,72,3,27,746,3
1697842056410,30.3,25.61,433,PEN_MOVE,105,71,3,27,746,3
1697842056479,30.36,25.63,440,PEN_MOVE,105,75,3,27,746,3
1697842056491,30.42,25.63,436,PEN_MOVE,105,74,3,27,746,3
1697842056502,30.48,25.63,433,PEN_MOVE,105,75,3,27,746,3
1697842056514,30.54,25.62,429,PEN_MOVE,105,72,3,27,746,3
1697842056526,30.62,25.61,423,PEN_MOVE,105,74,3,27,746,3
1697842056536,30.67,25.6,418,PEN_MOVE,106,74,3,27,746,3
1697842056548,30.71,25.58,420,PEN_MOVE,106,73,3,27,746,3
1697842056560,30.77,25.56,421,PEN_MOVE,105,75,3,27,746,3
1697842056571,30.81,25.54,422,PEN_MOVE,104,74,3,27,746,3
1697842056583,30.84,25.53,422,PEN_MOVE,104,75,3,27,746,3
1697842056595,30.87,25.52,421,PEN_MOVE,104,75,3,27,746,3
1697842056617,30.91,25.51,420,PEN_MOVE,104,75,3,27,746,3
1697842056653,30.94,25.51,416,PEN_MOVE,104,75,3,27,746,3
1697842056687,30.95,25.51,216,PEN_MOVE,104,74,3,27,746,3
1697842056718,-1,-1,0,PEN_UP,0,0,3,27,746,3
1697842056876,-1,-1,0,PEN_DOWN,0,0,3,27,746,3
1697842056899,31.04,24.57,226,PEN_MOVE,105,72,3,27,746,3
1697842056922,31.07,24.6,301,PEN_MOVE,104,76,3,27,746,3
1697842056933,31.08,24.65,328,PEN_MOVE,104,74,3,27,746,3
1697842056945,31.1,24.75,344,PEN_MOVE,104,74,3,27,746,3
1697842056956,31.12,24.88,347,PEN_MOVE,104,79,3,27,746,3
1697842056967,31.14,25.03,344,PEN_MOVE,104,77,3,27,746,3
1697842056979,31.15,25.17,340,PEN_MOVE,104,76,3,27,746,3
1697842056991,31.15,25.3,336,PEN_MOVE,104,76,3,27,746,3
1697842057003,31.16,25.42,330,PEN_MOVE,104,75,3,27,746,3
1697842057014,31.16,25.52,272,PEN_MOVE,104,74,3,27,746,3
1697842057026,31.15,25.63,194,PEN_MOVE,104,75,3,27,746,3
1697842057037,31.15,25.71,76,PEN_MOVE,103,76,3,27,746,3
1697842057057,-1,-1,0,PEN_UP,0,0,3,27,746,3
1697842057179,-1,-1,0,PEN_DOWN,0,0,3,27,746,3
1697842057202,31.04,23.94,231,PEN_MOVE,105,71,3,27,746,3
1697842057280,-1,-1,0,PEN_UP,0,0,3,27,746,3
1697842057458,-1,-1,0,PEN_DOWN,0,0,3,27,746,3
1697842057482,31.74,24.81,237,PEN_MOVE,104,76,3,27,746,3
1697842057516,31.77,24.85,344,PEN_MOVE,104,77,3,27,746,3
1697842057526,31.79,24.9,350,PEN_MOVE,104,77,3,27,746,3
1697842057539,31.81,25.01,365,PEN_MOVE,104,75,3,27,746,3
1697842057551,31.83,25.17,367,PEN_MOVE,102,75,3,27,746,3
1697842057562,31.85,25.32,363,PEN_MOVE,105,75,3,27,746,3
1697842057574,31.88,25.45,361,PEN_MOVE,104,76,3,27,746,3
1697842057585,31.91,25.58,360,PEN_MOVE,103,78,3,27,746,3
1697842057597,31.93,25.68,360,PEN_MOVE,103,76,3,27,746,3
1697842057609,31.94,25.77,359,PEN_MOVE,104,77,3,27,746,3
1697842057620,31.95,25.86,359,PEN_MOVE,103,80,3,27,746,3
1697842057632,31.97,25.93,358,PEN_MOVE,103,79,3,27,746,3
1697842057643,31.97,25.99,357,PEN_MOVE,104,78,3,27,746,3
1697842057654,31.98,26.02,357,PEN_MOVE,104,78,3,27,746,3
1697842057689,32.0,26.04,360,PEN_MOVE,104,78,3,27,746,3
1697842057713,32.03,26.01,367,PEN_MOVE,103,79,3,27,746,3
1697842057724,32.05,25.97,387,PEN_MOVE,103,80,3,27,746,3
1697842057735,32.08,25.9,392,PEN_MOVE,103,78,3,27,746,3
1697842057747,32.14,25.77,390,PEN_MOVE,103,78,3,27,746,3
1697842057758,32.2,25.67,388,PEN_MOVE,103,78,3,27,746,3
1697842057770,32.25,25.6,388,PEN_MOVE,103,80,3,27,746,3
1697842057782,32.29,25.53,388,PEN_MOVE,103,77,3,27,746,3
1697842057793,32.34,25.45,388,PEN_MOVE,102,78,3,27,746,3
1697842057805,32.38,25.37,387,PEN_MOVE,102,79,3,27,746,3
1697842057817,32.41,25.29,384,PEN_MOVE,103,77,3,27,746,3
1697842057828,32.43,25.21,382,PEN_MOVE,103,75,3,27,746,3
1697842057840,32.46,25.15,377,PEN_MOVE,103,76,3,27,746,3
1697842057851,32.47,25.12,374,PEN_MOVE,104,77,3,27,746,3
1697842057874,32.48,25.09,288,PEN_MOVE,103,76,3,27,746,3
1697842057897,32.47,25.05,1,PEN_MOVE,102,74,3,27,746,3
1697842057923,-1,-1,0,PEN_UP,0,0,3,27,746,3
1697842058098,-1,-1,0,PEN_DOWN,0,0,3,27,746,3
1697842058121,33.06,25.25,202,PEN_MOVE,103,74,3,27,746,3
1697842058155,33.1,25.24,231,PEN_MOVE,104,76,3,27,746,3
1697842058166,33.13,25.23,227,PEN_MOVE,103,77,3,27,746,3
1697842058178,33.18,25.21,223,PEN_MOVE,104,73,3,27,746,3
1697842058190,33.25,25.16,221,PEN_MOVE,103,75,3,27,746,3
1697842058201,33.3,25.08,221,PEN_MOVE,102,77,3,27,746,3
1697842058213,33.33,25.01,223,PEN_MOVE,103,74,3,27,746,3
1697842058224,33.34,24.96,259,PEN_MOVE,104,75,3,27,746,3
1697842058236,33.34,24.92,293,PEN_MOVE,102,76,3,27,746,3
1697842058247,33.34,24.89,319,PEN_MOVE,102,75,3,27,746,3
1697842058270,33.27,24.87,328,PEN_MOVE,103,71,3,27,746,3
1697842058282,33.16,24.87,324,PEN_MOVE,103,74,3,27,746,3
1697842058294,33.05,24.88,338,PEN_MOVE,103,72,3,27,746,3
1697842058305,32.95,24.9,346,PEN_MOVE,104,75,3,27,746,3
1697842058317,32.87,24.98,343,PEN_MOVE,104,73,3,27,746,3
1697842058328,32.82,25.12,342,PEN_MOVE,104,74,3,27,746,3
1697842058339,32.78,25.3,348,PEN_MOVE,105,76,3,27,746,3
1697842058352,32.77,25.43,355,PEN_MOVE,104,76,3,27,746,3
1697842058363,32.78,25.53,371,PEN_MOVE,104,77,3,27,746,3
1697842058375,32.8,25.63,404,PEN_MOVE,104,77,3,27,746,3
1697842058385,32.87,25.72,408,PEN_MOVE,104,80,3,27,746,3
1697842058398,32.98,25.75,425,PEN_MOVE,104,80,3,27,746,3
1697842058410,33.1,25.76,421,PEN_MOVE,103,79,3,27,746,3
1697842058421,33.23,25.75,340,PEN_MOVE,103,81,3,27,746,3
1697842058433,33.33,25.72,155,PEN_MOVE,102,80,3,27,746,3
1697842058465,-1,-1,0,PEN_UP,0,0,3,27,746,3
1697842058947,-1,-1,0,PEN_DOWN,0,0,3,27,746,3
1697842058971,34.89,23.86,213,PEN_MOVE,105,70,3,27,746,3
1697842059016,34.93,23.97,302,PEN_MOVE,105,68,3,27,746,3
1697842059028,34.97,24.16,315,PEN_MOVE,105,72,3,27,746,3
1697842059040,35.03,24.41,321,PEN_MOVE,104,73,3,27,746,3
1697842059051,35.07,24.64,318,PEN_MOVE,104,71,3,27,746,3
1697842059062,35.1,24.85,317,PEN_MOVE,104,69,3,27,746,3
1697842059075,35.11,25.02,319,PEN_MOVE,105,73,3,27,746,3
1697842059086,35.13,25.15,319,PEN_MOVE,105,73,3,27,746,3
1697842059097,35.13,25.27,319,PEN_MOVE,105,73,3,27,746,3
1697842059109,35.14,25.35,318,PEN_MOVE,106,73,3,27,746,3
1697842059120,35.15,25.4,319,PEN_MOVE,105,73,3,27,746,3
1697842059132,35.15,25.43,319,PEN_MOVE,105,72,3,27,746,3
1697842059201,35.13,25.37,336,PEN_MOVE,105,74,3,27,746,3
1697842059213,35.11,25.28,340,PEN_MOVE,105,74,3,27,746,3
1697842059224,35.06,25.17,336,PEN_MOVE,106,73,3,27,746,3
1697842059236,35.01,25.0,331,PEN_MOVE,105,74,3,27,746,3
1697842059248,34.97,24.84,330,PEN_MOVE,105,73,3,27,746,3
1697842059259,34.94,24.71,328,PEN_MOVE,106,76,3,27,746,3
1697842059271,34.92,24.59,330,PEN_MOVE,105,78,3,27,746,3
1697842059282,34.91,24.49,331,PEN_MOVE,105,70,3,27,746,3
1697842059294,34.91,24.38,330,PEN_MOVE,106,73,3,27,746,3
1697842059305,34.93,24.28,330,PEN_MOVE,102,72,3,27,746,3
1697842059317,34.99,24.2,331,PEN_MOVE,105,73,3,27,746,3
1697842059328,35.11,24.14,332,PEN_MOVE,105,68,3,27,746,3
1697842059340,35.22,24.12,334,PEN_MOVE,103,67,3,27,746,3
1697842059351,35.37,24.11,335,PEN_MOVE,104,73,3,27,746,3
1697842059363,35.47,24.14,334,PEN_MOVE,105,74,3,27,746,3
1697842059374,35.56,24.21,334,PEN_MOVE,104,74,3,27,746,3
1697842059386,35.61,24.36,334,PEN_MOVE,104,69,3,27,746,3
1697842059398,35.62,24.5,309,PEN_MOVE,104,70,3,27,746,3
1697842059409,35.62,24.66,303,PEN_MOVE,104,72,3,27,746,3
1697842059421,35.6,24.79,283,PEN_MOVE,102,71,3,27,746,3
1697842059432,35.55,24.91,275,PEN_MOVE,104,73,3,27,746,3
1697842059444,35.47,25.01,263,PEN_MOVE,103,72,3,27,746,3
1697842059456,35.36,25.11,263,PEN_MOVE,106,75,3,27,746,3
1697842059467,35.3,25.2,264,PEN_MOVE,105,73,3,27,746,3
1697842059479,35.25,25.28,267,PEN_MOVE,102,74,3,27,746,3
1697842059490,35.23,25.35,272,PEN_MOVE,102,74,3,27,746,3
1697842059502,35.23,25.4,278,PEN_MOVE,106,74,3,27,746,3
1697842059513,35.24,25.44,295,PEN_MOVE,106,74,3,27,746,3
1697842059525,35.28,25.49,325,PEN_MOVE,105,73,3,27,746,3
1697842059535,35.35,25.54,349,PEN_MOVE,105,76,3,27,746,3
1697842059547,35.43,25.59,353,PEN_MOVE,105,76,3,27,746,3
1697842059560,35.52,25.65,359,PEN_MOVE,104,76,3,27,746,3
1697842059571,35.59,25.7,360,PEN_MOVE,104,77,3,27,746,3
1697842059583,35.66,25.76,357,PEN_MOVE,103,75,3,27,746,3
1697842059594,35.7,25.81,347,PEN_MOVE,103,77,3,27,746,3
1697842059605,35.73,25.84,320,PEN_MOVE,103,76,3,27,746,3
1697842059617,35.74,25.85,145,PEN_MOVE,102,75,3,27,746,3
1697842059652,-1,-1,0,PEN_UP,0,0,3,27,746,3
1697842059807,-1,-1,0,PEN_DOWN,0,0,3,27,746,3
1697842059829,36.1,25.3,229,PEN_MOVE,103,71,3,27,746,3
1697842059841,36.13,25.31,257,PEN_MOVE,103,72,3,27,746,3
1697842059853,36.17,25.31,260,PEN_MOVE,103,75,3,27,746,3
1697842059864,36.22,25.31,261,PEN_MOVE,104,73,3,27,746,3
1697842059876,36.29,25.3,258,PEN_MOVE,104,74,3,27,746,3
1697842059887,36.37,25.28,254,PEN_MOVE,104,73,3,27,746,3
1697842059898,36.43,25.25,251,PEN_MOVE,104,77,3,27,746,3
1697842059910,36.49,25.19,249,PEN_MOVE,104,75,3,27,746,3
1697842059922,36.52,25.12,250,PEN_MOVE,105,72,3,27,746,3
1697842059933,36.54,25.06,285,PEN_MOVE,105,75,3,27,746,3
1697842059945,36.53,25.01,314,PEN_MOVE,106,75,3,27,746,3
1697842059956,36.52,24.96,341,PEN_MOVE,104,75,3,27,746,3
1697842059967,36.48,24.93,335,PEN_MOVE,105,74,3,27,746,3
1697842059979,36.4,24.91,333,PEN_MOVE,104,75,3,27,746,3
1697842059991,36.27,24.9,326,PEN_MOVE,104,73,3,27,746,3
1697842060003,36.15,24.92,315,PEN_MOVE,104,72,3,27,746,3
1697842060014,36.09,24.97,316,PEN_MOVE,102,72,3,27,746,3
1697842060026,36.03,25.11,319,PEN_MOVE,104,74,3,27,746,3
1697842060038,35.98,25.26,337,PEN_MOVE,104,73,3,27,746,3
1697842060049,35.98,25.4,364,PEN_MOVE,104,70,3,27,746,3
1697842060060,35.98,25.52,385,PEN_MOVE,104,74,3,27,746,3
1697842060072,36.0,25.6,402,PEN_MOVE,103,75,3,27,746,3
1697842060083,36.02,25.65,403,PEN_MOVE,104,76,3,27,746,3
1697842060094,36.07,25.69,402,PEN_MOVE,103,76,3,27,746,3
1697842060107,36.12,25.72,396,PEN_MOVE,104,77,3,27,746,3
1697842060118,36.19,25.74,368,PEN_MOVE,104,78,3,27,746,3
1697842060130,36.26,25.75,183,PEN_MOVE,104,76,3,27,746,3
1697842060141,36.34,25.73,1,PEN_MOVE,103,74,3,27,746,3
1697842060167,-1,-1,0,PEN_UP,0,0,3,27,746,3
1697842060340,-1,-1,0,PEN_DOWN,0,0,3,27,746,3
1697842060363,37.48,24.88,236,PEN_MOVE,104,72,3,27,746,3
1697842060398,37.5,24.85,325,PEN_MOVE,103,76,3,27,746,3
1697842060432,37.46,24.82,355,PEN_MOVE,104,76,3,27,746,3
1697842060444,37.38,24.82,368,PEN_MOVE,104,76,3,27,746,3
1697842060456,37.24,24.83,380,PEN_MOVE,105,73,3,27,746,3
1697842060467,37.1,24.86,404,PEN_MOVE,105,71,3,27,746,3
1697842060479,36.96,24.95,397,PEN_MOVE,105,75,3,27,746,3
1697842060490,36.85,25.1,404,PEN_MOVE,104,72,3,27,746,3
1697842060501,36.75,25.26,399,PEN_MOVE,105,74,3,27,746,3
1697842060513,36.7,25.43,395,PEN_MOVE,105,75,3,27,746,3
1697842060525,36.69,25.56,396,PEN_MOVE,105,73,3,27,746,3
1697842060536,36.71,25.69,397,PEN_MOVE,105,75,3,27,746,3
1697842060548,36.75,25.78,398,PEN_MOVE,104,77,3,27,746,3
1697842060559,36.84,25.84,400,PEN_MOVE,105,77,3,27,746,3
1697842060571,37.0,25.86,396,PEN_MOVE,104,76,3,27,746,3
1697842060582,37.14,25.86,358,PEN_MOVE,104,77,3,27,746,3
1697842060594,37.25,25.83,267,PEN_MOVE,103,80,3,27,746,3
1697842060606,37.36,25.77,89,PEN_MOVE,103,76,3,27,746,3
1697842060624,-1,-1,0,PEN_UP,0,0,3,27,746,3
1697842060801,-1,-1,0,PEN_DOWN,0,0,3,27,746,3
1697842060824,38.33,25.04,220,PEN_MOVE,103,78,3,27,746,3
1697842060847,38.36,25.03,283,PEN_MOVE,104,79,3,27,746,3
1697842060870,38.37,25.0,308,PEN_MOVE,104,80,3,27,746,3
1697842060881,38.37,24.97,313,PEN_MOVE,104,81,3,27,746,3
1697842060893,38.37,24.93,331,PEN_MOVE,104,80,3,27,746,3
1697842060905,38.35,24.9,376,PEN_MOVE,104,78,3,27,746,3
1697842060916,38.29,24.87,408,PEN_MOVE,104,79,3,27,746,3
1697842060928,38.16,24.86,433,PEN_MOVE,104,80,3,27,746,3
1697842060939,37.98,24.87,439,PEN_MOVE,104,75,3,27,746,3
1697842060951,37.8,24.9,449,PEN_MOVE,104,77,3,27,746,3
1697842060963,37.65,24.98,439,PEN_MOVE,105,75,3,27,746,3
1697842060974,37.54,25.13,432,PEN_MOVE,105,73,3,27,746,3
1697842060985,37.48,25.33,427,PEN_MOVE,106,74,3,27,746,3
1697842060997,37.46,25.49,423,PEN_MOVE,105,74,3,27,746,3
1697842061008,37.49,25.63,424,PEN_MOVE,105,76,3,27,746,3
1697842061020,37.56,25.75,424,PEN_MOVE,104,77,3,27,746,3
1697842061031,37.68,25.83,396,PEN_MOVE,105,77,3,27,746,3
1697842061043,37.83,25.85,394,PEN_MOVE,104,78,3,27,746,3
1697842061054,37.96,25.85,400,PEN_MOVE,104,77,3,27,746,3
1697842061066,38.07,25.8,415,PEN_MOVE,104,79,3,27,746,3
1697842061078,38.15,25.7,420,PEN_MOVE,104,77,3,27,746,3
1697842061089,38.22,25.6,429,PEN_MOVE,103,79,3,27,746,3
1697842061101,38.26,25.48,437,PEN_MOVE,103,80,3,27,746,3
1697842061113,38.29,25.38,430,PEN_MOVE,103,81,3,27,746,3
1697842061124,38.3,25.3,409,PEN_MOVE,104,82,3,27,746,3
1697842061135,38.29,25.25,278,PEN_MOVE,103,80,3,27,746,3
1697842061167,-1,-1,0,PEN_UP,0,0,3,27,746,3
1697842061307,-1,-1,0,PEN_DOWN,0,0,3,27,746,3
1697842061329,38.79,24.81,249,PEN_MOVE,106,81,3,27,746,3
1697842061365,38.8,24.87,358,PEN_MOVE,106,80,3,27,746,3
1697842061376,38.81,24.99,372,PEN_MOVE,105,79,3,27,746,3
1697842061387,38.81,25.17,374,PEN_MOVE,105,80,3,27,746,3
1697842061399,38.8,25.34,376,PEN_MOVE,104,77,3,27,746,3
1697842061411,38.8,25.47,373,PEN_MOVE,104,77,3,27,746,3
1697842061422,38.79,25.56,371,PEN_MOVE,104,75,3,27,746,3
1697842061433,38.79,25.61,372,PEN_MOVE,104,79,3,27,746,3
1697842061480,38.78,25.58,425,PEN_MOVE,104,79,3,27,746,3
1697842061491,38.78,25.49,423,PEN_MOVE,104,80,3,27,746,3
1697842061503,38.79,25.35,418,PEN_MOVE,104,79,3,27,746,3
1697842061515,38.81,25.2,412,PEN_MOVE,105,82,3,27,746,3
1697842061526,38.83,25.12,409,PEN_MOVE,105,82,3,27,746,3
1697842061538,38.87,25.08,403,PEN_MOVE,105,82,3,27,746,3
1697842061549,38.92,25.05,377,PEN_MOVE,104,81,3,27,746,3
1697842061561,38.99,25.03,210,PEN_MOVE,104,81,3,27,746,3
1697842061572,39.03,25.02,5,PEN_MOVE,104,80,3,27,746,3
1697842061588,-1,-1,0,PEN_UP,0,0,3,27,746,3
1697842061729,-1,-1,0,PEN_DOWN,0,0,3,27,746,3
1697842061752,39.94,25.21,233,PEN_MOVE,104,79,3,27,746,3
1697842061775,39.97,25.2,306,PEN_MOVE,104,80,3,27,746,3
1697842061798,40.0,25.18,307,PEN_MOVE,104,80,3,27,746,3
1697842061809,40.02,25.15,304,PEN_MOVE,103,81,3,27,746,3
1697842061821,40.03,25.1,301,PEN_MOVE,103,80,3,27,746,3
1697842061833,40.04,25.03,324,PEN_MOVE,103,81,3,27,746,3
1697842061844,40.04,24.96,331,PEN_MOVE,104,81,3,27,746,3
1697842061856,40.01,24.88,334,PEN_MOVE,104,82,3,27,746,3
1697842061868,39.96,24.82,341,PEN_MOVE,104,83,3,27,746,3
1697842061879,39.86,24.77,337,PEN_MOVE,104,81,3,27,746,3
1697842061891,39.73,24.73,332,PEN_MOVE,103,80,3,27,746,3
1697842061902,39.58,24.73,328,PEN_MOVE,104,79,3,27,746,3
1697842061914,39.43,24.75,334,PEN_MOVE,105,78,3,27,746,3
1697842061925,39.35,24.83,331,PEN_MOVE,104,79,3,27,746,3
1697842061937,39.28,25.0,331,PEN_MOVE,105,79,3,27,746,3
1697842061948,39.25,25.17,332,PEN_MOVE,106,78,3,27,746,3
1697842061960,39.25,25.31,333,PEN_MOVE,105,76,3,27,746,3
1697842061971,39.27,25.43,336,PEN_MOVE,105,77,3,27,746,3
1697842061983,39.32,25.52,340,PEN_MOVE,105,78,3,27,746,3
1697842061995,39.41,25.59,343,PEN_MOVE,104,79,3,27,746,3
1697842062006,39.5,25.63,353,PEN_MOVE,104,81,3,27,746,3
1697842062018,39.59,25.64,388,PEN_MOVE,104,82,3,27,746,3
1697842062029,39.67,25.63,408,PEN_MOVE,104,82,3,27,746,3
1697842062041,39.75,25.6,421,PEN_MOVE,104,84,3,27,746,3
1697842062052,39.8,25.54,441,PEN_MOVE,104,84,3,27,746,3
1697842062064,39.85,25.44,460,PEN_MOVE,104,82,3,27,746,3
1697842062076,39.89,25.31,479,PEN_MOVE,104,85,3,27,746,3
1697842062087,39.91,25.15,489,PEN_MOVE,104,82,3,27,746,3
1697842062099,39.91,24.98,500,PEN_MOVE,105,84,3,27,746,3
1697842062110,39.92,24.81,498,PEN_MOVE,104,83,3,27,746,3
1697842062121,39.91,24.69,494,PEN_MOVE,104,83,3,27,746,3
1697842062133,39.9,24.58,491,PEN_MOVE,105,83,3,27,746,3
1697842062145,39.88,24.49,487,PEN_MOVE,102,82,3,27,746,3
1697842062156,39.86,24.41,480,PEN_MOVE,102,81,3,27,746,3
1697842062168,39.85,24.37,467,PEN_MOVE,102,79,3,27,746,3
1697842062190,39.84,24.35,257,PEN_MOVE,102,76,3,27,746,3
1697842062222,-1,-1,0,PEN_UP,0,0,3,27,746,3
1697842062344,-1,-1,0,PEN_DOWN,0,0,3,27,746,3
1697842062367,40.43,25.04,273,PEN_MOVE,105,79,3,27,746,3
1697842062401,40.46,25.02,422,PEN_MOVE,106,81,3,27,746,3
1697842062424,40.49,25.1,458,PEN_MOVE,105,79,3,27,746,3
1697842062436,40.51,25.24,486,PEN_MOVE,104,76,3,27,746,3
1697842062447,40.52,25.36,490,PEN_MOVE,104,80,3,27,746,3
1697842062459,40.53,25.47,484,PEN_MOVE,104,78,3,27,746,3
1697842062471,40.53,25.58,476,PEN_MOVE,103,79,3,27,746,3
1697842062482,40.52,25.65,407,PEN_MOVE,103,79,3,27,746,3
1697842062494,40.51,25.69,282,PEN_MOVE,103,80,3,27,746,3
1697842062505,40.47,25.71,129,PEN_MOVE,103,80,3,27,746,3
1697842062516,40.39,25.72,1,PEN_MOVE,103,79,3,27,746,3
1697842062540,-1,-1,0,PEN_UP,0,0,3,27,746,3
1697842062627,-1,-1,0,PEN_DOWN,0,0,3,27,746,3
1697842062650,40.28,24.46,304,PEN_MOVE,102,77,3,27,746,3
1697842062696,40.31,24.45,319,PEN_MOVE,106,81,3,27,746,3
1697842062707,40.32,24.48,153,PEN_MOVE,106,80,3,27,746,3
1697842062719,40.34,24.6,1,PEN_MOVE,105,80,3,27,746,3
1697842062742,-1,-1,0,PEN_UP,0,0,3,27,746,3
1697842062852,-1,-1,0,PEN_DOWN,0,0,3,27,746,3
1697842062875,40.71,25.07,234,PEN_MOVE,106,80,3,27,746,3
1697842062897,40.74,25.12,351,PEN_MOVE,105,80,3,27,746,3
1697842062909,40.75,25.19,380,PEN_MOVE,105,81,3,27,746,3
1697842062921,40.77,25.33,416,PEN_MOVE,104,80,3,27,746,3
1697842062932,40.78,25.47,438,PEN_MOVE,103,81,3,27,746,3
1697842062944,40.78,25.61,435,PEN_MOVE,103,80,3,27,746,3
1697842062956,40.77,25.75,430,PEN_MOVE,103,80,3,27,746,3
1697842062967,40.76,25.84,425,PEN_MOVE,104,83,3,27,746,3
1697842062979,40.75,25.88,420,PEN_MOVE,104,83,3,27,746,3
1697842063025,40.74,25.83,451,PEN_MOVE,102,83,3,27,746,3
1697842063036,40.75,25.67,442,PEN_MOVE,103,84,3,27,746,3
1697842063048,40.78,25.43,432,PEN_MOVE,104,83,3,27,746,3
1697842063059,40.84,25.3,426,PEN_MOVE,105,84,3,27,746,3
1697842063071,40.93,25.21,420,PEN_MOVE,105,84,3,27,746,3
1697842063083,41.05,25.18,424,PEN_MOVE,105,82,3,27,746,3
1697842063095,41.17,25.18,427,PEN_MOVE,105,84,3,27,746,3
1697842063106,41.28,25.22,430,PEN_MOVE,105,82,3,27,746,3
1697842063117,41.34,25.29,433,PEN_MOVE,104,83,3,27,746,3
1697842063129,41.36,25.42,438,PEN_MOVE,104,85,3,27,746,3
1697842063140,41.37,25.54,443,PEN_MOVE,103,83,3,27,746,3
1697842063152,41.36,25.65,449,PEN_MOVE,103,83,3,27,746,3
1697842063164,41.34,25.73,487,PEN_MOVE,103,83,3,27,746,3
1697842063175,41.33,25.79,477,PEN_MOVE,103,84,3,27,746,3
1697842063187,41.31,25.82,422,PEN_MOVE,103,84,3,27,746,3
1697842063210,41.28,25.85,159,PEN_MOVE,103,84,3,27,746,3
1697842063246,-1,-1,0,PEN_UP,0,0,3,27,746,3
1697842063369,-1,-1,0,PEN_DOWN,0,0,3,27,746,3
1697842063392,42.28,25.53,260,PEN_MOVE,104,83,3,27,746,3
1697842063427,42.31,25.54,328,PEN_MOVE,104,84,3,27,746,3
1697842063450,42.34,25.53,320,PEN_MOVE,103,82,3,27,746,3
1697842063473,42.37,25.48,334,PEN_MOVE,103,84,3,27,746,3
1697842063484,42.39,25.41,337,PEN_MOVE,103,82,3,27,746,3
1697842063496,42.39,25.32,347,PEN_MOVE,103,84,3,27,746,3
1697842063508,42.39,25.23,346,PEN_MOVE,103,82,3,27,746,3
1697842063519,42.36,25.16,343,PEN_MOVE,104,82,3,27,746,3
1697842063531,42.28,25.11,340,PEN_MOVE,103,82,3,27,746,3
1697842063543,42.15,25.08,336,PEN_MOVE,104,81,3,27,746,3
1697842063554,42.0,25.08,344,PEN_MOVE,105,81,3,27,746,3
1697842063565,41.9,25.1,357,PEN_MOVE,104,83,3,27,746,3
1697842063577,41.83,25.19,354,PEN_MOVE,105,79,3,27,746,3
1697842063589,41.79,25.37,358,PEN_MOVE,104,80,3,27,746,3
1697842063600,41.76,25.51,357,PEN_MOVE,106,83,3,27,746,3
1697842063612,41.76,25.63,359,PEN_MOVE,105,83,3,27,746,3
1697842063623,41.78,25.73,360,PEN_MOVE,105,82,3,27,746,3
1697842063635,41.82,25.8,360,PEN_MOVE,105,82,3,27,746,3
1697842063646,41.91,25.85,361,PEN_MOVE,105,83,3,27,746,3
1697842063657,42.0,25.86,363,PEN_MOVE,106,82,3,27,746,3
1697842063670,42.08,25.85,366,PEN_MOVE,102,82,3,27,746,3
1697842063681,42.16,25.84,367,PEN_MOVE,104,83,3,27,746,3
1697842063693,42.22,25.79,365,PEN_MOVE,104,85,3,27,746,3
1697842063704,42.3,25.68,361,PEN_MOVE,103,83,3,27,746,3
1697842063716,42.35,25.55,359,PEN_MOVE,104,82,3,27,746,3
1697842063727,42.38,25.44,352,PEN_MOVE,104,83,3,27,746,3
1697842063739,42.42,25.34,352,PEN_MOVE,103,82,3,27,746,3
1697842063751,42.44,25.28,353,PEN_MOVE,104,83,3,27,746,3
1697842063762,42.45,25.24,357,PEN_MOVE,104,84,3,27,746,3
1697842063796,42.47,25.3,366,PEN_MOVE,104,83,3,27,746,3
1697842063808,42.47,25.42,368,PEN_MOVE,104,82,3,27,746,3
1697842063820,42.47,25.64,368,PEN_MOVE,104,84,3,27,746,3
1697842063831,42.47,25.88,369,PEN_MOVE,103,83,3,27,746,3
1697842063842,42.46,26.09,369,PEN_MOVE,103,86,3,27,746,3
1697842063854,42.45,26.29,371,PEN_MOVE,102,84,3,27,746,3
1697842063866,42.43,26.47,422,PEN_MOVE,102,86,3,27,746,3
1697842063878,42.38,26.61,449,PEN_MOVE,101,86,3,27,746,3
1697842063889,42.31,26.74,447,PEN_MOVE,102,84,3,27,746,3
1697842063901,42.22,26.85,445,PEN_MOVE,102,84,3,27,746,3
1697842063912,42.1,26.93,439,PEN_MOVE,103,84,3,27,746,3
1697842063923,42.0,26.97,485,PEN_MOVE,103,85,3,27,746,3
1697842063935,41.91,26.99,487,PEN_MOVE,105,86,3,27,746,3
1697842063947,41.81,26.99,500,PEN_MOVE,104,87,3,27,746,3
1697842063958,41.68,26.97,486,PEN_MOVE,104,87,3,27,746,3
1697842063970,41.54,26.93,399,PEN_MOVE,104,86,3,27,746,3
1697842063981,41.41,26.87,252,PEN_MOVE,105,85,3,27,746,3
1697842063992,41.28,26.83,13,PEN_MOVE,104,83,3,27,746,3
1697842064009,-1,-1,0,PEN_UP,0,0,3,27,746,3
1697842064405,-1,-1,0,PEN_DOWN,0,0,3,27,746,3
1697842064428,43.18,25.54,211,PEN_MOVE,106,72,3,27,746,3
1697842064451,43.19,25.57,294,PEN_MOVE,106,72,3,27,746,3
1697842064463,43.2,25.63,314,PEN_MOVE,106,72,3,27,746,3
1697842064475,43.21,25.76,338,PEN_MOVE,105,74,3,27,746,3
1697842064486,43.22,25.97,333,PEN_MOVE,105,73,3,27,746,3
1697842064497,43.23,26.15,329,PEN_MOVE,104,72,3,27,746,3
1697842064509,43.23,26.27,326,PEN_MOVE,104,72,3,27,746,3
1697842064520,43.23,26.38,322,PEN_MOVE,105,72,3,27,746,3
1697842064532,43.22,26.44,314,PEN_MOVE,104,73,3,27,746,3
1697842064544,43.21,26.47,247,PEN_MOVE,104,73,3,27,746,3
1697842064566,43.17,26.49,3,PEN_MOVE,104,74,3,27,746,3
1697842064581,-1,-1,0,PEN_UP,0,0,3,27,746,3
1697842064914,-1,-1,0,PEN_DOWN,0,0,3,27,746,3
1697842064937,44.32,24.01,169,PEN_MOVE,103,68,3,27,746,3
1697842064960,44.34,24.04,270,PEN_MOVE,104,69,3,27,746,3
1697842064971,44.36,24.1,289,PEN_MOVE,104,66,3,27,746,3
1697842064983,44.37,24.25,304,PEN_MOVE,103,70,3,27,746,3
1697842064995,44.39,24.47,341,PEN_MOVE,103,73,3,27,746,3
1697842065006,44.4,24.7,344,PEN_MOVE,103,70,3,27,746,3
1697842065018,44.41,24.89,355,PEN_MOVE,106,71,3,27,746,3
1697842065029,44.41,25.06,353,PEN_MOVE,105,70,3,27,746,3
1697842065041,44.42,25.22,351,PEN_MOVE,105,73,3,27,746,3
1697842065053,44.42,25.34,349,PEN_MOVE,105,71,3,27,746,3
1697842065064,44.42,25.42,347,PEN_MOVE,105,72,3,27,746,3
1697842065076,44.42,25.48,345,PEN_MOVE,105,72,3,27,746,3
1697842065087,44.42,25.52,344,PEN_MOVE,105,70,3,27,746,3
1697842065156,44.38,25.46,332,PEN_MOVE,105,72,3,27,746,3
1697842065168,44.34,25.38,331,PEN_MOVE,106,72,3,27,746,3
1697842065180,44.31,25.23,328,PEN_MOVE,105,73,3,27,746,3
1697842065191,44.3,25.03,327,PEN_MOVE,102,75,3,27,746,3
1697842065203,44.29,24.87,329,PEN_MOVE,103,76,3,27,746,3
1697842065214,44.29,24.73,331,PEN_MOVE,103,74,3,27,746,3
1697842065226,44.3,24.58,330,PEN_MOVE,103,75,3,27,746,3
1697842065237,44.31,24.45,328,PEN_MOVE,103,75,3,27,746,3
1697842065249,44.35,24.29,324,PEN_MOVE,103,74,3,27,746,3
1697842065261,44.43,24.17,324,PEN_MOVE,103,71,3,27,746,3
1697842065272,44.57,24.09,323,PEN_MOVE,103,71,3,27,746,3
1697842065284,44.74,24.05,324,PEN_MOVE,103,72,3,27,746,3
1697842065295,44.87,24.06,327,PEN_MOVE,103,70,3,27,746,3
1697842065307,45.02,24.1,331,PEN_MOVE,106,72,3,27,746,3
1697842065319,45.12,24.21,333,PEN_MOVE,102,69,3,27,746,3
1697842065330,45.18,24.38,335,PEN_MOVE,106,75,3,27,746,3
1697842065341,45.19,24.52,336,PEN_MOVE,106,73,3,27,746,3
1697842065353,45.19,24.64,337,PEN_MOVE,106,74,3,27,746,3
1697842065364,45.16,24.73,349,PEN_MOVE,105,75,3,27,746,3
1697842065375,45.08,24.82,347,PEN_MOVE,106,75,3,27,746,3
1697842065388,44.94,24.89,351,PEN_MOVE,106,74,3,27,746,3
1697842065399,44.78,24.94,356,PEN_MOVE,105,75,3,27,746,3
1697842065411,44.62,24.98,384,PEN_MOVE,106,73,3,27,746,3
1697842065422,44.52,25.0,384,PEN_MOVE,105,73,3,27,746,3
1697842065434,44.45,25.0,380,PEN_MOVE,105,74,3,27,746,3
1697842065457,44.41,24.99,291,PEN_MOVE,106,71,3,27,746,3
1697842065480,44.43,24.96,2,PEN_MOVE,105,73,3,27,746,3
1697842065494,-1,-1,0,PEN_UP,0,0,3,27,746,3
1697842065633,-1,-1,0,PEN_DOWN,0,0,3,27,746,3
1697842065656,45.18,25.15,276,PEN_MOVE,104,75,3,27,746,3
1697842065691,45.21,25.18,338,PEN_MOVE,103,72,3,27,746,3
1697842065714,45.27,25.21,332,PEN_MOVE,102,75,3,27,746,3
1697842065725,45.35,25.23,330,PEN_MOVE,106,73,3,27,746,3
1697842065737,45.46,25.23,326,PEN_MOVE,106,73,3,27,746,3
1697842065749,45.55,25.23,325,PEN_MOVE,102,74,3,27,746,3
1697842065760,45.65,25.2,325,PEN_MOVE,102,70,3,27,746,3
1697842065772,45.72,25.16,326,PEN_MOVE,103,71,3,27,746,3
1697842065783,45.76,25.1,329,PEN_MOVE,105,73,3,27,746,3
1697842065795,45.78,25.03,364,PEN_MOVE,105,73,3,27,746,3
1697842065806,45.78,24.97,397,PEN_MOVE,105,74,3,27,746,3
1697842065818,45.76,24.91,401,PEN_MOVE,103,71,3,27,746,3
1697842065830,45.7,24.87,399,PEN_MOVE,105,72,3,27,746,3
1697842065841,45.58,24.85,457,PEN_MOVE,106,73,3,27,746,3
1697842065853,45.43,24.86,455,PEN_MOVE,105,72,3,27,746,3
1697842065864,45.29,24.91,454,PEN_MOVE,103,74,3,27,746,3
1697842065875,45.2,25.01,448,PEN_MOVE,102,72,3,27,746,3
1697842065887,45.17,25.16,445,PEN_MOVE,102,73,3,27,746,3
1697842065899,45.17,25.28,444,PEN_MOVE,105,72,3,27,746,3
1697842065911,45.19,25.38,442,PEN_MOVE,105,72,3,27,746,3
1697842065922,45.22,25.46,444,PEN_MOVE,105,73,3,27,746,3
1697842065933,45.28,25.51,445,PEN_MOVE,105,73,3,27,746,3
1697842065945,45.37,25.55,441,PEN_MOVE,105,74,3,27,746,3
1697842065956,45.47,25.56,418,PEN_MOVE,106,76,3,27,746,3
1697842065967,45.57,25.55,401,PEN_MOVE,102,77,3,27,746,3
1697842065980,45.68,25.5,399,PEN_MOVE,103,77,3,27,746,3
1697842065991,45.83,25.41,385,PEN_MOVE,105,75,3,27,746,3
1697842066003,45.96,25.3,388,PEN_MOVE,105,74,3,27,746,3
1697842066014,46.1,25.18,389,PEN_MOVE,105,71,3,27,746,3
1697842066026,46.21,25.07,387,PEN_MOVE,105,73,3,27,746,3
1697842066038,46.3,24.98,386,PEN_MOVE,105,75,3,27,746,3
1697842066049,46.34,24.95,387,PEN_MOVE,105,73,3,27,746,3
1697842066084,46.35,25.01,395,PEN_MOVE,105,73,3,27,746,3
1697842066095,46.34,25.1,410,PEN_MOVE,104,72,3,27,746,3
1697842066106,46.31,25.24,412,PEN_MOVE,104,72,3,27,746,3
1697842066118,46.25,25.36,418,PEN_MOVE,105,72,3,27,746,3
1697842066130,46.19,25.45,463,PEN_MOVE,105,74,3,27,746,3
1697842066141,46.15,25.49,491,PEN_MOVE,105,74,3,27,746,3
1697842066164,46.12,25.51,544,PEN_MOVE,105,74,3,27,746,3
1697842066199,46.14,25.44,527,PEN_MOVE,105,74,3,27,746,3
1697842066211,46.21,25.29,502,PEN_MOVE,104,74,3,27,746,3
1697842066223,46.38,25.12,466,PEN_MOVE,104,73,3,27,746,3
1697842066234,46.54,25.03,467,PEN_MOVE,105,74,3,27,746,3
1697842066246,46.73,24.98,468,PEN_MOVE,104,75,3,27,746,3
1697842066256,46.87,24.98,470,PEN_MOVE,105,73,3,27,746,3
1697842066268,46.96,25.0,471,PEN_MOVE,104,73,3,27,746,3
1697842066280,46.99,25.05,476,PEN_MOVE,104,72,3,27,746,3
1697842066292,47.0,25.13,476,PEN_MOVE,104,73,3,27,746,3
1697842066303,46.99,25.21,483,PEN_MOVE,104,72,3,27,746,3
1697842066315,46.96,25.28,514,PEN_MOVE,103,74,3,27,746,3
1697842066326,46.9,25.37,534,PEN_MOVE,103,72,3,27,746,3
1697842066338,46.83,25.42,528,PEN_MOVE,104,74,3,27,746,3
1697842066349,46.78,25.47,488,PEN_MOVE,104,75,3,27,746,3
1697842066361,46.76,25.5,323,PEN_MOVE,103,76,3,27,746,3
1697842066373,46.74,25.51,145,PEN_MOVE,103,76,3,27,746,3
1697842066394,-1,-1,0,PEN_UP,0,0,3,27,746,3
1697842066565,-1,-1,0,PEN_DOWN,0,0,3,27,746,3
1697842066588,47.91,24.98,165,PEN_MOVE,105,76,3,27,746,3
1697842066611,47.94,24.96,277,PEN_MOVE,106,76,3,27,746,3
1697842066646,47.95,25.02,438,PEN_MOVE,105,75,3,27,746,3
1697842066657,47.94,25.1,487,PEN_MOVE,106,75,3,27,746,3
1697842066669,47.92,25.21,489,PEN_MOVE,105,75,3,27,746,3
1697842066680,47.86,25.31,490,PEN_MOVE,105,74,3,27,746,3
1697842066692,47.81,25.4,482,PEN_MOVE,105,74,3,27,746,3
1697842066703,47.76,25.49,478,PEN_MOVE,105,76,3,27,746,3
1697842066715,47.72,25.56,471,PEN_MOVE,104,75,3,27,746,3
1697842066727,47.69,25.6,461,PEN_MOVE,105,76,3,27,746,3
1697842066738,47.67,25.64,390,PEN_MOVE,105,77,3,27,746,3
1697842066750,47.64,25.67,301,PEN_MOVE,104,76,3,27,746,3
1697842066772,47.63,25.67,118,PEN_MOVE,104,77,3,27,746,3
1697842066800,-1,-1,0,PEN_UP,0,0,3,27,746,3
1697842066870,-1,-1,0,PEN_DOWN,0,0,3,27,746,3
1697842066893,47.54,25.27,246,PEN_MOVE,104,74,3,27,746,3
1697842066927,47.57,25.29,388,PEN_MOVE,105,73,3,27,746,3
1697842066950,47.65,25.29,385,PEN_MOVE,104,72,3,27,746,3
1697842066962,47.76,25.3,378,PEN_MOVE,105,72,3,27,746,3
1697842066973,47.87,25.3,364,PEN_MOVE,104,74,3,27,746,3
1697842066985,48.06,25.3,337,PEN_MOVE,104,71,3,27,746,3
1697842066997,48.29,25.29,144,PEN_MOVE,104,72,3,27,746,3
1697842067008,48.53,25.29,1,PEN_MOVE,102,72,3,27,746,3
1697842067032,-1,-1,0,PEN_UP,0,0,3,27,746,3
1697842067204,-1,-1,0,PEN_DOWN,0,0,3,27,746,3
1697842067227,49.41,24.24,213,PEN_MOVE,103,71,3,27,746,3
1697842067261,49.42,24.29,409,PEN_MOVE,102,70,3,27,746,3
1697842067272,49.41,24.37,463,PEN_MOVE,103,72,3,27,746,3
1697842067284,49.37,24.53,480,PEN_MOVE,102,73,3,27,746,3
1697842067296,49.27,24.72,484,PEN_MOVE,106,74,3,27,746,3
1697842067307,49.12,24.91,521,PEN_MOVE,106,72,3,27,746,3
1697842067319,49.02,25.08,524,PEN_MOVE,105,73,3,27,746,3
1697842067331,48.96,25.2,522,PEN_MOVE,105,73,3,27,746,3
1697842067342,48.93,25.3,521,PEN_MOVE,104,73,3,27,746,3
1697842067354,48.91,25.38,521,PEN_MOVE,104,71,3,27,746,3
1697842067365,48.91,25.43,521,PEN_MOVE,104,72,3,27,746,3
1697842067376,48.91,25.46,520,PEN_MOVE,105,74,3,27,746,3
1697842067388,48.92,25.49,521,PEN_MOVE,106,74,3,27,746,3
1697842067412,49.0,25.53,516,PEN_MOVE,105,75,3,27,746,3
1697842067423,49.1,25.54,501,PEN_MOVE,105,72,3,27,746,3
1697842067434,49.19,25.55,497,PEN_MOVE,104,73,3,27,746,3
1697842067446,49.27,25.56,472,PEN_MOVE,105,74,3,27,746,3
1697842067457,49.32,25.56,417,PEN_MOVE,106,73,3,27,746,3
1697842067469,49.35,25.56,334,PEN_MOVE,105,75,3,27,746,3
1697842067492,49.38,25.53,19,PEN_MOVE,105,72,3,27,746,3
1697842067508,-1,-1,0,PEN_UP,0,0,3,27,746,3
1697842067629,-1,-1,0,PEN_DOWN,0,0,3,27,746,3
1697842067652,49.89,24.74,231,PEN_MOVE,102,75,3,27,746,3
1697842067663,49.89,24.77,279,PEN_MOVE,102,74,3,27,746,3
1697842067675,49.89,24.82,315,PEN_MOVE,106,72,3,27,746,3
1697842067687,49.89,24.93,345,PEN_MOVE,105,72,3,27,746,3
1697842067698,49.88,25.06,366,PEN_MOVE,106,70,3,27,746,3
1697842067710,49.86,25.21,367,PEN_MOVE,105,72,3,27,746,3
1697842067721,49.84,25.31,363,PEN_MOVE,105,72,3,27,746,3
1697842067733,49.81,25.4,353,PEN_MOVE,105,73,3,27,746,3
1697842067745,49.77,25.46,264,PEN_MOVE,105,72,3,27,746,3
1697842067756,49.71,25.5,125,PEN_MOVE,103,74,3,27,746,3
1697842067767,49.68,25.53,1,PEN_MOVE,105,74,3,27,746,3
1697842067791,-1,-1,0,PEN_UP,0,0,3,27,746,3
1697842067885,-1,-1,0,PEN_DOWN,0,0,3,27,746,3
1697842067908,49.92,24.08,265,PEN_MOVE,103,74,3,27,746,3
1697842067943,49.95,24.1,291,PEN_MOVE,103,71,3,27,746,3
1697842067954,49.96,24.13,234,PEN_MOVE,103,73,3,27,746,3
1697842067965,49.96,24.24,64,PEN_MOVE,106,71,3,27,746,3
1697842067983,-1,-1,0,PEN_UP,0,0,3,27,746,3
1697842068117,-1,-1,0,PEN_DOWN,0,0,3,27,746,3
1697842068140,50.42,24.78,199,PEN_MOVE,106,72,3,27,746,3
1697842068151,50.43,24.82,251,PEN_MOVE,105,72,3,27,746,3
1697842068163,50.43,24.89,306,PEN_MOVE,102,72,3,27,746,3
1697842068175,50.43,25.0,338,PEN_MOVE,106,70,3,27,746,3
1697842068186,50.42,25.14,359,PEN_MOVE,106,69,3,27,746,3
1697842068198,50.4,25.26,378,PEN_MOVE,105,71,3,27,746,3
1697842068209,50.36,25.38,375,PEN_MOVE,105,72,3,27,746,3
1697842068221,50.32,25.46,376,PEN_MOVE,105,72,3,27,746,3
1697842068233,50.29,25.51,375,PEN_MOVE,102,71,3,27,746,3
1697842068244,50.28,25.54,376,PEN_MOVE,105,74,3,27,746,3
1697842068302,50.36,25.47,431,PEN_MOVE,105,73,3,27,746,3
1697842068313,50.48,25.31,425,PEN_MOVE,106,73,3,27,746,3
1697842068325,50.66,25.14,421,PEN_MOVE,106,70,3,27,746,3
1697842068336,50.78,25.03,419,PEN_MOVE,106,72,3,27,746,3
1697842068348,50.89,24.94,415,PEN_MOVE,102,71,3,27,746,3
1697842068359,50.97,24.88,414,PEN_MOVE,106,70,3,27,746,3
1697842068371,51.02,24.86,407,PEN_MOVE,106,70,3,27,746,3
1697842068394,51.05,24.84,245,PEN_MOVE,106,69,3,27,746,3
1697842068427,-1,-1,0,PEN_UP,0,0,3,27,746,3
1697842068573,-1,-1,0,PEN_DOWN,0,0,3,27,746,3
1697842068596,51.39,25.26,185,PEN_MOVE,105,73,3,27,746,3
1697842068630,51.42,25.28,226,PEN_MOVE,105,72,3,27,746,3
1697842068654,51.47,25.29,224,PEN_MOVE,105,73,3,27,746,3
1697842068665,51.51,25.29,230,PEN_MOVE,105,74,3,27,746,3
1697842068677,51.56,25.28,240,PEN_MOVE,102,74,3,27,746,3
1697842068689,51.6,25.26,259,PEN_MOVE,102,76,3,27,746,3
1697842068700,51.64,25.23,270,PEN_MOVE,102,76,3,27,746,3
1697842068712,51.67,25.17,274,PEN_MOVE,102,74,3,27,746,3
1697842068723,51.7,25.1,272,PEN_MOVE,102,74,3,27,746,3
1697842068735,51.71,25.04,289,PEN_MOVE,105,72,3,27,746,3
1697842068746,51.72,24.97,292,PEN_MOVE,102,73,3,27,746,3
1697842068758,51.71,24.91,289,PEN_MOVE,106,71,3,27,746,3
1697842068770,51.69,24.84,287,PEN_MOVE,105,72,3,27,746,3
1697842068781,51.59,24.8,304,PEN_MOVE,103,72,3,27,746,3
1697842068792,51.41,24.77,303,PEN_MOVE,104,70,3,27,746,3
1697842068804,51.3,24.76,341,PEN_MOVE,105,69,3,27,746,3
1697842068815,51.24,24.78,347,PEN_MOVE,104,69,3,27,746,3
1697842068827,51.18,24.83,363,PEN_MOVE,103,69,3,27,746,3
1697842068839,51.13,24.95,375,PEN_MOVE,103,69,3,27,746,3
1697842068850,51.1,25.07,380,PEN_MOVE,106,70,3,27,746,3
1697842068862,51.08,25.19,382,PEN_MOVE,106,71,3,27,746,3
1697842068873,51.08,25.29,384,PEN_MOVE,106,70,3,27,746,3
1697842068885,51.08,25.36,383,PEN_MOVE,106,72,3,27,746,3
1697842068896,51.11,25.42,386,PEN_MOVE,105,72,3,27,746,3
1697842068907,51.15,25.47,386,PEN_MOVE,105,73,3,27,746,3
1697842068920,51.23,25.51,389,PEN_MOVE,106,73,3,27,746,3
1697842068931,51.31,25.55,389,PEN_MOVE,106,73,3,27,746,3
1697842068943,51.38,25.57,395,PEN_MOVE,106,73,3,27,746,3
1697842068954,51.45,25.58,406,PEN_MOVE,105,73,3,27,746,3
1697842068966,51.52,25.58,403,PEN_MOVE,105,73,3,27,746,3
1697842068977,51.58,25.57,384,PEN_MOVE,105,75,3,27,746,3
1697842068989,51.62,25.56,338,PEN_MOVE,105,75,3,27,746,3
1697842069001,51.65,25.54,234,PEN_MOVE,105,76,3,27,746,3
1697842069012,51.66,25.51,49,PEN_MOVE,104,74,3,27,746,3
1697842069030,-1,-1,0,PEN_UP,0,0,3,27,746,3
1697842069772,-1,-1,0,PEN_DOWN,0,0,3,27,746,3
1697842069795,52.96,24.1,160,PEN_MOVE,107,66,3,27,746,3
1697842069818,52.97,24.07,259,PEN_MOVE,103,66,3,27,746,3
1697842069853,53.0,24.08,318,PEN_MOVE,104,65,3,27,746,3
1697842069876,53.01,24.2,316,PEN_MOVE,103,65,3,27,746,3
1697842069886,53.02,24.43,325,PEN_MOVE,107,70,3,27,746,3
1697842069899,53.03,24.59,323,PEN_MOVE,107,72,3,27,746,3
1697842069910,53.03,24.76,323,PEN_MOVE,106,71,3,27,746,3
1697842069922,53.03,24.88,326,PEN_MOVE,106,70,3,27,746,3
1697842069934,53.03,25.03,324,PEN_MOVE,105,68,3,27,746,3
1697842069945,53.03,25.16,323,PEN_MOVE,105,69,3,27,746,3
1697842069957,53.03,25.3,322,PEN_MOVE,105,69,3,27,746,3
1697842069968,53.03,25.4,320,PEN_MOVE,105,68,3,27,746,3
1697842069979,53.03,25.46,320,PEN_MOVE,104,68,3,27,746,3
1697842069991,53.03,25.5,320,PEN_MOVE,104,68,3,27,746,3
1697842070014,53.02,25.53,320,PEN_MOVE,104,67,3,27,746,3
1697842070049,52.98,25.51,314,PEN_MOVE,104,68,3,27,746,3
1697842070060,52.93,25.48,311,PEN_MOVE,103,69,3,27,746,3
1697842070072,52.87,25.42,305,PEN_MOVE,103,69,3,27,746,3
1697842070084,52.82,25.33,302,PEN_MOVE,104,69,3,27,746,3
1697842070095,52.8,25.21,301,PEN_MOVE,104,70,3,27,746,3
1697842070107,52.78,25.09,300,PEN_MOVE,105,70,3,27,746,3
1697842070119,52.76,24.96,300,PEN_MOVE,106,70,3,27,746,3
1697842070130,52.75,24.84,302,PEN_MOVE,106,69,3,27,746,3
1697842070142,52.75,24.74,302,PEN_MOVE,106,70,3,27,746,3
1697842070153,52.75,24.67,304,PEN_MOVE,107,69,3,27,746,3
1697842070164,52.76,24.61,305,PEN_MOVE,107,68,3,27,746,3
1697842070176,52.78,24.55,305,PEN_MOVE,103,71,3,27,746,3
1697842070187,52.85,24.49,305,PEN_MOVE,107,66,3,27,746,3
1697842070199,52.99,24.43,307,PEN_MOVE,105,66,3,27,746,3
1697842070211,53.12,24.4,308,PEN_MOVE,104,66,3,27,746,3
1697842070222,53.23,24.39,311,PEN_MOVE,104,66,3,27,746,3
1697842070234,53.36,24.39,314,PEN_MOVE,103,67,3,27,746,3
1697842070246,53.5,24.41,316,PEN_MOVE,103,69,3,27,746,3
1697842070257,53.65,24.45,317,PEN_MOVE,107,67,3,27,746,3
1697842070269,53.78,24.55,320,PEN_MOVE,106,69,3,27,746,3
1697842070280,53.85,24.69,323,PEN_MOVE,107,69,3,27,746,3
1697842070292,53.88,24.84,327,PEN_MOVE,106,70,3,27,746,3
1697842070303,53.89,24.99,329,PEN_MOVE,105,71,3,27,746,3
1697842070315,53.87,25.14,345,PEN_MOVE,105,72,3,27,746,3
1697842070326,53.81,25.25,350,PEN_MOVE,105,71,3,27,746,3
1697842070338,53.68,25.34,368,PEN_MOVE,103,71,3,27,746,3
1697842070349,53.54,25.41,367,PEN_MOVE,103,71,3,27,746,3
1697842070361,53.4,25.46,367,PEN_MOVE,105,69,3,27,746,3
1697842070372,53.27,25.49,366,PEN_MOVE,103,67,3,27,746,3
1697842070383,53.1,25.5,359,PEN_MOVE,103,68,3,27,746,3
1697842070395,52.97,25.5,363,PEN_MOVE,103,68,3,27,746,3
1697842070407,52.88,25.5,361,PEN_MOVE,103,68,3,27,746,3
1697842070419,52.82,25.48,355,PEN_MOVE,103,68,3,27,746,3
1697842070430,52.76,25.46,348,PEN_MOVE,104,68,3,27,746,3
1697842070442,52.73,25.43,289,PEN_MOVE,104,66,3,27,746,3
1697842070453,52.72,25.4,180,PEN_MOVE,104,67,3,27,746,3
1697842070481,-1,-1,0,PEN_UP,0,0,3,27,746,3
1697842070706,-1,-1,0,PEN_DOWN,0,0,3,27,746,3
1697842070729,54.76,24.96,155,PEN_MOVE,104,70,3,27,746,3
1697842070798,54.73,24.96,302,PEN_MOVE,104,71,3,27,746,3
1697842070879,54.72,24.92,324,PEN_MOVE,104,71,3,27,746,3
1697842070902,54.66,24.87,367,PEN_MOVE,104,69,3,27,746,3
1697842070913,54.57,24.84,390,PEN_MOVE,107,68,3,27,746,3
1697842070925,54.42,24.83,395,PEN_MOVE,107,69,3,27,746,3
1697842070937,54.27,24.81,395,PEN_MOVE,107,68,3,27,746,3
1697842070948,54.13,24.81,390,PEN_MOVE,106,65,3,27,746,3
1697842070960,53.98,24.82,388,PEN_MOVE,106,66,3,27,746,3
1697842070971,53.86,24.84,394,PEN_MOVE,106,68,3,27,746,3
1697842070983,53.8,24.88,404,PEN_MOVE,106,65,3,27,746,3
1697842070995,53.74,24.96,400,PEN_MOVE,106,65,3,27,746,3
1697842071006,53.7,25.06,397,PEN_MOVE,106,67,3,27,746,3
1697842071017,53.68,25.17,396,PEN_MOVE,105,66,3,27,746,3
1697842071029,53.69,25.28,397,PEN_MOVE,106,67,3,27,746,3
1697842071041,53.72,25.37,391,PEN_MOVE,105,66,3,27,746,3
1697842071052,53.79,25.43,391,PEN_MOVE,105,67,3,27,746,3
1697842071064,53.93,25.46,372,PEN_MOVE,106,68,3,27,746,3
1697842071075,54.05,25.46,342,PEN_MOVE,107,68,3,27,746,3
1697842071087,54.18,25.46,343,PEN_MOVE,106,70,3,27,746,3
1697842071098,54.3,25.43,342,PEN_MOVE,107,70,3,27,746,3
1697842071110,54.38,25.39,340,PEN_MOVE,107,70,3,27,746,3
1697842071121,54.45,25.32,342,PEN_MOVE,107,71,3,27,746,3
1697842071132,54.51,25.24,344,PEN_MOVE,103,73,3,27,746,3
1697842071145,54.55,25.15,347,PEN_MOVE,104,72,3,27,746,3
1697842071156,54.58,25.08,357,PEN_MOVE,103,71,3,27,746,3
1697842071168,54.61,24.99,353,PEN_MOVE,104,71,3,27,746,3
1697842071179,54.63,24.92,351,PEN_MOVE,104,72,3,27,746,3
1697842071191,54.63,24.89,350,PEN_MOVE,104,72,3,27,746,3
1697842071226,54.63,24.92,351,PEN_MOVE,104,70,3,27,746,3
1697842071237,54.62,25.0,353,PEN_MOVE,103,69,3,27,746,3
1697842071248,54.62,25.11,353,PEN_MOVE,103,69,3,27,746,3
1697842071260,54.61,25.17,354,PEN_MOVE,103,70,3,27,746,3
1697842071272,54.61,25.23,356,PEN_MOVE,103,71,3,27,746,3
1697842071283,54.62,25.28,355,PEN_MOVE,107,71,3,27,746,3
1697842071295,54.63,25.33,350,PEN_MOVE,107,72,3,27,746,3
1697842071306,54.65,25.36,300,PEN_MOVE,106,72,3,27,746,3
1697842071317,54.68,25.37,180,PEN_MOVE,106,70,3,27,746,3
1697842071329,54.73,25.37,15,PEN_MOVE,105,72,3,27,746,3
1697842071345,-1,-1,0,PEN_UP,0,0,3,27,746,3
1697842071460,-1,-1,0,PEN_DOWN,0,0,3,27,746,3
1697842071483,55.84,24.35,128,PEN_MOVE,105,74,3,27,746,3
1697842071494,55.88,24.32,190,PEN_MOVE,106,74,3,27,746,3
1697842071506,55.91,24.31,238,PEN_MOVE,107,72,3,27,746,3
1697842071540,55.91,24.34,416,PEN_MOVE,107,75,3,27,746,3
1697842071552,55.89,24.37,460,PEN_MOVE,106,72,3,27,746,3
1697842071564,55.84,24.41,473,PEN_MOVE,106,71,3,27,746,3
1697842071575,55.73,24.5,463,PEN_MOVE,105,70,3,27,746,3
1697842071587,55.56,24.61,465,PEN_MOVE,104,72,3,27,746,3
1697842071598,55.37,24.77,459,PEN_MOVE,105,71,3,27,746,3
1697842071610,55.26,24.91,455,PEN_MOVE,107,72,3,27,746,3
1697842071621,55.16,25.06,451,PEN_MOVE,107,69,3,27,746,3
1697842071633,55.08,25.18,450,PEN_MOVE,106,71,3,27,746,3
1697842071645,55.03,25.29,448,PEN_MOVE,105,72,3,27,746,3
1697842071656,55.0,25.37,447,PEN_MOVE,105,73,3,27,746,3
1697842071667,54.98,25.41,447,PEN_MOVE,106,73,3,27,746,3
1697842071679,54.97,25.44,446,PEN_MOVE,107,72,3,27,746,3
1697842071702,54.99,25.47,372,PEN_MOVE,106,72,3,27,746,3
1697842071714,55.05,25.48,280,PEN_MOVE,105,74,3,27,746,3
1697842071725,55.17,25.49,217,PEN_MOVE,105,74,3,27,746,3
1697842071737,55.27,25.48,151,PEN_MOVE,105,74,3,27,746,3
1697842071748,55.34,25.46,22,PEN_MOVE,105,73,3,27,746,3
1697842071765,-1,-1,0,PEN_UP,0,0,3,27,746,3
1697842071918,-1,-1,0,PEN_DOWN,0,0,3,27,746,3
1697842071941,54.87,24.68,211,PEN_MOVE,104,69,3,27,746,3
1697842071987,54.91,24.71,258,PEN_MOVE,104,68,3,27,746,3
1697842071999,54.97,24.72,255,PEN_MOVE,104,68,3,27,746,3
1697842072010,55.08,24.74,250,PEN_MOVE,105,67,3,27,746,3
1697842072021,55.27,24.75,234,PEN_MOVE,104,71,3,27,746,3
1697842072033,55.45,24.76,9,PEN_MOVE,103,71,3,27,746,3
1697842072048,-1,-1,0,PEN_UP,0,0,3,27,746,3
1697842072225,-1,-1,0,PEN_DOWN,0,0,3,27,746,3
1697842072248,55.89,25.14,165,PEN_MOVE,106,72,3,27,746,3
1697842072329,55.92,25.14,282,PEN_MOVE,107,74,3,27,746,3
1697842072352,55.95,25.12,302,PEN_MOVE,107,73,3,27,746,3
1697842072375,55.96,25.08,317,PEN_MOVE,107,72,3,27,746,3
1697842072386,55.96,25.05,321,PEN_MOVE,103,73,3,27,746,3
1697842072398,55.94,25.01,317,PEN_MOVE,107,73,3,27,746,3
1697842072410,55.89,24.98,310,PEN_MOVE,107,73,3,27,746,3
1697842072421,55.75,24.95,304,PEN_MOVE,107,71,3,27,746,3
1697842072432,55.61,24.93,300,PEN_MOVE,107,69,3,27,746,3
1697842072444,55.49,24.93,299,PEN_MOVE,103,70,3,27,746,3
1697842072456,55.42,24.95,298,PEN_MOVE,107,70,3,27,746,3
1697842072467,55.34,24.99,303,PEN_MOVE,106,69,3,27,746,3
1697842072479,55.27,25.08,302,PEN_MOVE,107,68,3,27,746,3
1697842072490,55.23,25.18,303,PEN_MOVE,106,69,3,27,746,3
1697842072502,55.21,25.28,303,PEN_MOVE,105,68,3,27,746,3
1697842072513,55.21,25.37,304,PEN_MOVE,105,70,3,27,746,3
1697842072525,55.23,25.45,309,PEN_MOVE,104,72,3,27,746,3
1697842072536,55.25,25.49,313,PEN_MOVE,105,71,3,27,746,3
1697842072548,55.28,25.52,315,PEN_MOVE,105,72,3,27,746,3
1697842072560,55.33,25.53,318,PEN_MOVE,105,73,3,27,746,3
1697842072571,55.41,25.54,319,PEN_MOVE,106,73,3,27,746,3
1697842072583,55.51,25.53,323,PEN_MOVE,106,74,3,27,746,3
1697842072594,55.58,25.51,327,PEN_MOVE,106,74,3,27,746,3
1697842072606,55.64,25.46,351,PEN_MOVE,107,75,3,27,746,3
1697842072617,55.68,25.39,377,PEN_MOVE,107,75,3,27,746,3
1697842072629,55.71,25.31,404,PEN_MOVE,107,76,3,27,746,3
1697842072640,55.72,25.24,429,PEN_MOVE,103,73,3,27,746,3
1697842072652,55.72,25.18,423,PEN_MOVE,103,75,3,27,746,3
1697842072663,55.72,25.15,419,PEN_MOVE,103,76,3,27,746,3
1697842072710,55.72,25.18,415,PEN_MOVE,103,75,3,27,746,3
1697842072721,55.72,25.25,415,PEN_MOVE,107,74,3,27,746,3
1697842072733,55.72,25.33,415,PEN_MOVE,107,73,3,27,746,3
1697842072744,55.72,25.39,416,PEN_MOVE,107,73,3,27,746,3
1697842072756,55.72,25.44,414,PEN_MOVE,107,74,3,27,746,3
1697842072768,55.72,25.47,413,PEN_MOVE,106,73,3,27,746,3
1697842072779,55.72,25.5,408,PEN_MOVE,106,74,3,27,746,3
1697842072791,55.71,25.53,393,PEN_MOVE,106,73,3,27,746,3
1697842072802,55.71,25.57,244,PEN_MOVE,105,74,3,27,746,3
1697842072814,55.69,25.6,74,PEN_MOVE,104,73,3,27,746,3
1697842072832,-1,-1,0,PEN_UP,0,0,3,27,746,3
