local_ts,local_ts_ms,timestamp,x,y,pressure,dot_type,tilt_x,tilt_y,section,owner,note,page
,,1697842206533,-1,-1,0,PEN_DOWN,0,0,-1,-1,-1,-1
,,1697842208077,-1,-1,0,PEN_UP,0,0,-1,-1,-1,-1
,,1697842212026,-1,-1,0,PEN_DOWN,0,0,-1,-1,-1,-1
,,1697842212049,32.36,48.46,184,PEN_MOVE,105,62,3,27,746,1
,,1697842212107,32.37,48.47,358,PEN_MOVE,103,61,3,27,746,1
,,1697842212176,32.4,48.47,462,PEN_MOVE,103,62,3,27,746,1
,,1697842212280,32.42,48.44,492,PEN_MOVE,105,64,3,27,746,1
,,1697842212303,32.42,48.4,516,PEN_MOVE,105,64,3,27,746,1
,,1697842212315,32.43,48.35,520,PEN_MOVE,105,64,3,27,746,1
,,1697842212326,32.44,48.28,527,PEN_MOVE,105,65,3,27,746,1
,,1697842212338,32.45,48.17,526,PEN_MOVE,105,62,3,27,746,1
,,1697842212350,32.46,48.07,524,PEN_MOVE,105,63,3,27,746,1
,,1697842212361,32.47,47.99,524,PEN_MOVE,105,62,3,27,746,1
,,1697842212373,32.48,47.93,528,PEN_MOVE,105,62,3,27,746,1
,,1697842212384,32.48,47.85,527,PEN_MOVE,104,62,3,27,746,1
,,1697842212395,32.49,47.75,528,PEN_MOVE,104,62,3,27,746,1
,,1697842212407,32.5,47.65,526,PEN_MOVE,106,62,3,27,746,1
,,1697842212418,32.5,47.55,526,PEN_MOVE,105,62,3,27,746,1
,,1697842212430,32.51,47.46,525,PEN_MOVE,105,62,3,27,746,1
,,1697842212442,32.51,47.38,524,PEN_MOVE,105,62,3,27,746,1
,,1697842212453,32.51,47.29,523,PEN_MOVE,104,61,3,27,746,1
,,1697842212465,32.52,47.18,522,PEN_MOVE,105,63,3,27,746,1
,,1697842212477,32.52,47.07,522,PEN_MOVE,104,61,3,27,746,1
,,1697842212488,32.52,47.0,523,PEN_MOVE,104,62,3,27,746,1
,,1697842212500,32.53,46.94,523,PEN_MOVE,104,64,3,27,746,1
,,1697842212511,32.53,46.87,521,PEN_MOVE,103,61,3,27,746,1
,,1697842212523,32.53,46.8,521,PEN_MOVE,103,63,3,27,746,1
,,1697842212534,32.53,46.76,522,PEN_MOVE,103,62,3,27,746,1
,,1697842212558,32.53,46.72,521,PEN_MOVE,103,62,3,27,746,1
,,1697842212603,32.54,46.69,520,PEN_MOVE,103,62,3,27,746,1
,,1697842212696,32.55,46.66,552,PEN_MOVE,103,61,3,27,746,1
,,1697842212707,32.55,46.63,548,PEN_MOVE,103,62,3,27,746,1
,,1697842212719,32.55,46.58,546,PEN_MOVE,103,62,3,27,746,1
,,1697842212731,32.55,46.54,546,PEN_MOVE,103,61,3,27,746,1
,,1697842212754,32.56,46.51,545,PEN_MOVE,103,62,3,27,746,1
,,1697842212869,32.58,46.55,520,PEN_MOVE,104,61,3,27,746,1
,,1697842212881,32.6,46.59,511,PEN_MOVE,103,61,3,27,746,1
,,1697842212893,32.63,46.65,505,PEN_MOVE,102,61,3,27,746,1
,,1697842212904,32.67,46.71,497,PEN_MOVE,104,65,3,27,746,1
,,1697842212916,32.7,46.77,490,PEN_MOVE,104,64,3,27,746,1
,,1697842212927,32.73,46.81,487,PEN_MOVE,104,63,3,27,746,1
,,1697842212938,32.75,46.87,486,PEN_MOVE,105,64,3,27,746,1
,,1697842212950,32.79,46.94,485,PEN_MOVE,104,65,3,27,746,1
,,1697842212962,32.82,47.02,485,PEN_MOVE,105,63,3,27,746,1
,,1697842212974,32.85,47.09,483,PEN_MOVE,104,63,3,27,746,1
,,1697842212985,32.88,47.18,484,PEN_MOVE,105,65,3,27,746,1
,,1697842212996,32.91,47.29,484,PEN_MOVE,105,65,3,27,746,1
,,1697842213008,32.94,47.4,483,PEN_MOVE,104,66,3,27,746,1
,,1697842213019,32.97,47.48,482,PEN_MOVE,105,63,3,27,746,1
,,1697842213031,33.0,47.53,482,PEN_MOVE,104,66,3,27,746,1
,,1697842213043,33.03,47.61,483,PEN_MOVE,105,63,3,27,746,1
,,1697842213054,33.06,47.68,483,PEN_MOVE,105,65,3,27,746,1
,,1697842213066,33.08,47.73,481,PEN_MOVE,104,65,3,27,746,1
,,1697842213077,33.1,47.77,480,PEN_MOVE,104,66,3,27,746,1
,,1697842213089,33.12,47.82,481,PEN_MOVE,105,63,3,27,746,1
,,1697842213101,33.14,47.87,480,PEN_MOVE,104,63,3,27,746,1
,,1697842213112,33.15,47.93,479,PEN_MOVE,106,65,3,27,746,1
,,1697842213124,33.16,47.97,479,PEN_MOVE,105,64,3,27,746,1
,,1697842213135,33.17,48.01,479,PEN_MOVE,105,64,3,27,746,1
,,1697842213146,33.19,48.04,479,PEN_MOVE,104,65,3,27,746,1
,,1697842213158,33.2,48.07,479,PEN_MOVE,105,65,3,27,746,1
,,1697842213170,33.21,48.1,479,PEN_MOVE,105,65,3,27,746,1
,,1697842213193,33.22,48.15,480,PEN_MOVE,105,65,3,27,746,1
,,1697842213204,33.23,48.18,480,PEN_MOVE,105,65,3,27,746,1
,,1697842213216,33.24,48.21,480,PEN_MOVE,105,65,3,27,746,1
,,1697842213228,33.25,48.26,481,PEN_MOVE,105,65,3,27,746,1
,,1697842213239,33.26,48.3,479,PEN_MOVE,105,66,3,27,746,1
,,1697842213262,33.28,48.34,477,PEN_MOVE,105,66,3,27,746,1
,,1697842213366,33.31,48.34,498,PEN_MOVE,105,66,3,27,746,1
,,1697842213389,33.31,48.29,502,PEN_MOVE,104,65,3,27,746,1
,,1697842213401,33.31,48.24,501,PEN_MOVE,104,66,3,27,746,1
,,1697842213412,33.31,48.19,500,PEN_MOVE,104,66,3,27,746,1
,,1697842213424,33.32,48.13,500,PEN_MOVE,104,64,3,27,746,1
,,1697842213435,33.32,48.06,499,PEN_MOVE,104,64,3,27,746,1
,,1697842213447,33.34,47.97,500,PEN_MOVE,103,64,3,27,746,1
,,1697842213459,33.36,47.9,501,PEN_MOVE,103,64,3,27,746,1
,,1697842213470,33.38,47.84,502,PEN_MOVE,103,67,3,27,746,1
,,1697842213482,33.4,47.78,501,PEN_MOVE,102,65,3,27,746,1
,,1697842213493,33.43,47.69,503,PEN_MOVE,103,65,3,27,746,1
,,1697842213505,33.45,47.6,502,PEN_MOVE,103,64,3,27,746,1
,,1697842213517,33.48,47.53,502,PEN_MOVE,103,66,3,27,746,1
,,1697842213528,33.5,47.47,503,PEN_MOVE,103,64,3,27,746,1
,,1697842213539,33.52,47.4,505,PEN_MOVE,102,65,3,27,746,1
,,1697842213551,33.56,47.31,506,PEN_MOVE,102,64,3,27,746,1
,,1697842213562,33.59,47.24,507,PEN_MOVE,103,65,3,27,746,1
,,1697842213574,33.61,47.19,509,PEN_MOVE,106,64,3,27,746,1
,,1697842213586,33.63,47.15,509,PEN_MOVE,102,64,3,27,746,1
,,1697842213597,33.64,47.11,510,PEN_MOVE,102,65,3,27,746,1
,,1697842213609,33.64,47.08,509,PEN_MOVE,103,65,3,27,746,1
,,1697842213632,33.65,47.04,509,PEN_MOVE,103,65,3,27,746,1
,,1697842213666,33.66,47.01,506,PEN_MOVE,106,64,3,27,746,1
,,1697842213701,33.67,46.99,499,PEN_MOVE,106,63,3,27,746,1
,,1697842213748,33.66,46.98,217,PEN_MOVE,105,63,3,27,746,1
,,1697842213771,33.59,46.95,1,PEN_MOVE,103,64,3,27,746,1
,,1697842213794,-1,-1,0,PEN_UP,0,0,3,27,746,1
,,1697842215375,-1,-1,0,PEN_DOWN,0,0,3,27,746,1
,,1697842215398,34.29,47.7,172,PEN_MOVE,101,60,3,27,746,1
,,1697842215479,34.32,47.68,296,PEN_MOVE,103,59,3,27,746,1
,,1697842215537,34.33,47.65,323,PEN_MOVE,102,60,3,27,746,1
,,1697842215559,34.32,47.62,337,PEN_MOVE,103,61,3,27,746,1
,,1697842215583,34.31,47.58,331,PEN_MOVE,102,61,3,27,746,1
,,1697842215594,34.29,47.55,328,PEN_MOVE,102,60,3,27,746,1
,,1697842215606,34.25,47.52,326,PEN_MOVE,102,59,3,27,746,1
,,1697842215618,34.2,47.5,324,PEN_MOVE,103,59,3,27,746,1
,,1697842215628,34.15,47.49,327,PEN_MOVE,102,60,3,27,746,1
,,1697842215640,34.1,47.49,345,PEN_MOVE,102,59,3,27,746,1
,,1697842215652,34.06,47.49,362,PEN_MOVE,101,59,3,27,746,1
,,1697842215663,34.02,47.5,357,PEN_MOVE,104,58,3,27,746,1
,,1697842215675,33.97,47.52,353,PEN_MOVE,101,58,3,27,746,1
,,1697842215687,33.93,47.56,351,PEN_MOVE,104,58,3,27,746,1
,,1697842215698,33.9,47.6,349,PEN_MOVE,101,58,3,27,746,1
,,1697842215710,33.88,47.68,347,PEN_MOVE,104,57,3,27,746,1
,,1697842215721,33.86,47.78,347,PEN_MOVE,101,57,3,27,746,1
,,1697842215733,33.86,47.88,347,PEN_MOVE,102,57,3,27,746,1
,,1697842215745,33.85,48.01,347,PEN_MOVE,102,58,3,27,746,1
,,1697842215756,33.86,48.1,347,PEN_MOVE,102,58,3,27,746,1
,,1697842215768,33.87,48.17,346,PEN_MOVE,103,59,3,27,746,1
,,1697842215779,33.89,48.24,347,PEN_MOVE,103,58,3,27,746,1
,,1697842215790,33.93,48.3,347,PEN_MOVE,103,57,3,27,746,1
,,1697842215802,34.0,48.34,349,PEN_MOVE,104,60,3,27,746,1
,,1697842215814,34.09,48.35,353,PEN_MOVE,101,60,3,27,746,1
,,1697842215825,34.15,48.35,359,PEN_MOVE,104,60,3,27,746,1
,,1697842215837,34.21,48.34,368,PEN_MOVE,104,61,3,27,746,1
,,1697842215848,34.27,48.32,374,PEN_MOVE,104,62,3,27,746,1
,,1697842215860,34.34,48.26,374,PEN_MOVE,105,59,3,27,746,1
,,1697842215871,34.39,48.16,385,PEN_MOVE,101,62,3,27,746,1
,,1697842215883,34.42,48.07,385,PEN_MOVE,103,63,3,27,746,1
,,1697842215894,34.44,48.0,386,PEN_MOVE,104,59,3,27,746,1
,,1697842215906,34.45,47.95,401,PEN_MOVE,104,62,3,27,746,1
,,1697842215918,34.46,47.87,397,PEN_MOVE,103,60,3,27,746,1
,,1697842215929,34.46,47.79,394,PEN_MOVE,103,60,3,27,746,1
,,1697842215941,34.46,47.73,393,PEN_MOVE,103,60,3,27,746,1
,,1697842215952,34.44,47.68,390,PEN_MOVE,103,60,3,27,746,1
,,1697842215964,34.42,47.63,388,PEN_MOVE,103,62,3,27,746,1
,,1697842215976,34.39,47.6,383,PEN_MOVE,103,59,3,27,746,1
,,1697842215987,34.35,47.58,375,PEN_MOVE,102,59,3,27,746,1
,,1697842216010,34.31,47.57,179,PEN_MOVE,102,59,3,27,746,1
,,1697842216038,-1,-1,0,PEN_UP,0,0,3,27,746,1
,,1697842216210,-1,-1,0,PEN_DOWN,0,0,3,27,746,1
,,1697842216233,35.17,47.76,146,PEN_MOVE,101,59,3,27,746,1
,,1697842216256,35.2,47.75,212,PEN_MOVE,103,59,3,27,746,1
,,1697842216279,35.23,47.73,255,PEN_MOVE,102,59,3,27,746,1
,,1697842216302,35.25,47.7,298,PEN_MOVE,103,62,3,27,746,1
,,1697842216313,35.26,47.67,314,PEN_MOVE,103,62,3,27,746,1
,,1697842216325,35.26,47.63,324,PEN_MOVE,103,60,3,27,746,1
,,1697842216337,35.26,47.59,337,PEN_MOVE,102,61,3,27,746,1
,,1697842216348,35.25,47.55,340,PEN_MOVE,103,60,3,27,746,1
,,1697842216360,35.23,47.52,340,PEN_MOVE,102,60,3,27,746,1
,,1697842216371,35.19,47.49,354,PEN_MOVE,103,59,3,27,746,1
,,1697842216382,35.14,47.48,368,PEN_MOVE,103,59,3,27,746,1
,,1697842216395,35.08,47.48,380,PEN_MOVE,102,59,3,27,746,1
,,1697842216406,35.01,47.48,384,PEN_MOVE,102,62,3,27,746,1
,,1697842216417,34.93,47.5,376,PEN_MOVE,102,62,3,27,746,1
,,1697842216429,34.84,47.54,372,PEN_MOVE,102,59,3,27,746,1
,,1697842216440,34.77,47.64,368,PEN_MOVE,101,60,3,27,746,1
,,1697842216452,34.72,47.77,366,PEN_MOVE,101,62,3,27,746,1
,,1697842216464,34.68,47.91,365,PEN_MOVE,103,59,3,27,746,1
,,1697842216475,34.66,48.03,365,PEN_MOVE,103,59,3,27,746,1
,,1697842216487,34.66,48.11,364,PEN_MOVE,102,61,3,27,746,1
,,1697842216498,34.67,48.19,364,PEN_MOVE,102,60,3,27,746,1
,,1697842216510,34.7,48.27,364,PEN_MOVE,103,62,3,27,746,1
,,1697842216522,34.75,48.33,365,PEN_MOVE,104,61,3,27,746,1
,,1697842216533,34.81,48.36,369,PEN_MOVE,103,61,3,27,746,1
,,1697842216545,34.88,48.38,374,PEN_MOVE,104,59,3,27,746,1
,,1697842216556,34.95,48.39,379,PEN_MOVE,104,62,3,27,746,1
,,1697842216568,35.01,48.39,381,PEN_MOVE,104,60,3,27,746,1
,,1697842216579,35.08,48.37,382,PEN_MOVE,105,59,3,27,746,1
,,1697842216590,35.14,48.31,369,PEN_MOVE,106,62,3,27,746,1
,,1697842216602,35.19,48.23,367,PEN_MOVE,106,59,3,27,746,1
,,1697842216614,35.24,48.14,366,PEN_MOVE,102,61,3,27,746,1
,,1697842216625,35.27,48.05,367,PEN_MOVE,103,60,3,27,746,1
,,1697842216637,35.3,47.95,367,PEN_MOVE,105,59,3,27,746,1
,,1697842216648,35.32,47.85,367,PEN_MOVE,105,59,3,27,746,1
,,1697842216660,35.34,47.74,365,PEN_MOVE,103,63,3,27,746,1
,,1697842216672,35.34,47.64,364,PEN_MOVE,104,61,3,27,746,1
,,1697842216683,35.34,47.55,362,PEN_MOVE,105,62,3,27,746,1
,,1697842216695,35.34,47.48,362,PEN_MOVE,104,60,3,27,746,1
,,1697842216707,35.34,47.44,361,PEN_MOVE,105,61,3,27,746,1
,,1697842216729,35.33,47.4,359,PEN_MOVE,105,60,3,27,746,1
,,1697842216787,35.32,47.43,343,PEN_MOVE,104,61,3,27,746,1
,,1697842216798,35.32,47.54,341,PEN_MOVE,104,62,3,27,746,1
,,1697842216810,35.32,47.75,341,PEN_MOVE,106,59,3,27,746,1
,,1697842216821,35.32,47.94,340,PEN_MOVE,103,61,3,27,746,1
,,1697842216833,35.32,48.1,340,PEN_MOVE,102,62,3,27,746,1
,,1697842216845,35.33,48.21,341,PEN_MOVE,105,60,3,27,746,1
,,1697842216857,35.34,48.31,342,PEN_MOVE,105,63,3,27,746,1
,,1697842216867,35.37,48.38,344,PEN_MOVE,103,62,3,27,746,1
,,1697842216879,35.39,48.43,346,PEN_MOVE,104,63,3,27,746,1
,,1697842216891,35.42,48.47,350,PEN_MOVE,104,61,3,27,746,1
,,1697842216914,35.44,48.51,359,PEN_MOVE,105,64,3,27,746,1
,,1697842216995,35.47,48.51,413,PEN_MOVE,104,61,3,27,746,1
,,1697842217041,35.47,48.48,493,PEN_MOVE,105,61,3,27,746,1
,,1697842217052,35.47,48.45,499,PEN_MOVE,105,64,3,27,746,1
,,1697842217065,35.47,48.4,500,PEN_MOVE,105,64,3,27,746,1
,,1697842217076,35.47,48.34,508,PEN_MOVE,104,61,3,27,746,1
,,1697842217088,35.47,48.25,503,PEN_MOVE,105,61,3,27,746,1
,,1697842217099,35.46,48.15,500,PEN_MOVE,106,61,3,27,746,1
,,1697842217111,35.45,48.05,499,PEN_MOVE,105,61,3,27,746,1
,,1697842217122,35.44,47.97,497,PEN_MOVE,106,61,3,27,746,1
,,1697842217133,35.43,47.83,494,PEN_MOVE,103,63,3,27,746,1
,,1697842217145,35.43,47.73,493,PEN_MOVE,103,64,3,27,746,1
,,1697842217157,35.42,47.64,491,PEN_MOVE,104,64,3,27,746,1
,,1697842217168,35.41,47.54,490,PEN_MOVE,105,61,3,27,746,1
,,1697842217180,35.41,47.45,491,PEN_MOVE,102,63,3,27,746,1
,,1697842217191,35.4,47.38,492,PEN_MOVE,103,64,3,27,746,1
,,1697842217203,35.4,47.31,495,PEN_MOVE,102,64,3,27,746,1
,,1697842217215,35.4,47.25,501,PEN_MOVE,104,63,3,27,746,1
,,1697842217226,35.39,47.18,498,PEN_MOVE,104,63,3,27,746,1
,,1697842217238,35.38,47.11,497,PEN_MOVE,103,63,3,27,746,1
,,1697842217249,35.37,47.05,497,PEN_MOVE,103,60,3,27,746,1
,,1697842217261,35.36,46.99,497,PEN_MOVE,103,63,3,27,746,1
,,1697842217272,35.36,46.94,497,PEN_MOVE,103,61,3,27,746,1
,,1697842217283,35.35,46.9,498,PEN_MOVE,104,61,3,27,746,1
,,1697842217296,35.35,46.87,498,PEN_MOVE,104,61,3,27,746,1
,,1697842217307,35.34,46.84,500,PEN_MOVE,105,63,3,27,746,1
,,1697842217318,35.33,46.81,499,PEN_MOVE,104,62,3,27,746,1
,,1697842217330,35.33,46.77,498,PEN_MOVE,103,61,3,27,746,1
,,1697842217341,35.33,46.74,498,PEN_MOVE,102,62,3,27,746,1
,,1697842217364,35.32,46.71,496,PEN_MOVE,103,62,3,27,746,1
,,1697842217411,35.32,46.75,476,PEN_MOVE,104,60,3,27,746,1
,,1697842217423,35.32,46.81,468,PEN_MOVE,104,61,3,27,746,1
,,1697842217434,35.32,46.94,463,PEN_MOVE,105,60,3,27,746,1
,,1697842217446,35.33,47.04,460,PEN_MOVE,104,61,3,27,746,1
,,1697842217457,35.34,47.16,461,PEN_MOVE,105,61,3,27,746,1
,,1697842217468,35.37,47.33,461,PEN_MOVE,104,62,3,27,746,1
,,1697842217480,35.39,47.48,458,PEN_MOVE,105,63,3,27,746,1
,,1697842217492,35.4,47.59,457,PEN_MOVE,106,64,3,27,746,1
,,1697842217504,35.42,47.7,459,PEN_MOVE,105,62,3,27,746,1
,,1697842217515,35.43,47.82,459,PEN_MOVE,105,64,3,27,746,1
,,1697842217527,35.44,47.92,460,PEN_MOVE,102,61,3,27,746,1
,,1697842217538,35.46,48.02,459,PEN_MOVE,106,63,3,27,746,1
,,1697842217550,35.46,48.09,458,PEN_MOVE,102,63,3,27,746,1
,,1697842217561,35.47,48.15,458,PEN_MOVE,106,61,3,27,746,1
,,1697842217573,35.48,48.21,459,PEN_MOVE,102,61,3,27,746,1
,,1697842217584,35.49,48.28,459,PEN_MOVE,103,61,3,27,746,1
,,1697842217596,35.5,48.32,459,PEN_MOVE,105,62,3,27,746,1
,,1697842217608,35.51,48.35,458,PEN_MOVE,104,62,3,27,746,1
,,1697842217631,35.51,48.39,457,PEN_MOVE,103,62,3,27,746,1
,,1697842217665,35.52,48.42,457,PEN_MOVE,102,61,3,27,746,1
,,1697842217735,35.51,48.37,478,PEN_MOVE,102,61,3,27,746,1
,,1697842217746,35.51,48.31,475,PEN_MOVE,105,62,3,27,746,1
,,1697842217757,35.5,48.2,472,PEN_MOVE,105,62,3,27,746,1
,,1697842217768,35.49,48.09,471,PEN_MOVE,105,62,3,27,746,1
,,1697842217781,35.48,48.02,469,PEN_MOVE,106,62,3,27,746,1
,,1697842217792,35.48,47.94,466,PEN_MOVE,104,61,3,27,746,1
,,1697842217804,35.48,47.83,462,PEN_MOVE,103,64,3,27,746,1
,,1697842217815,35.48,47.76,463,PEN_MOVE,105,63,3,27,746,1
,,1697842217827,35.48,47.68,461,PEN_MOVE,104,63,3,27,746,1
,,1697842217839,35.48,47.59,460,PEN_MOVE,103,64,3,27,746,1
,,1697842217850,35.49,47.54,459,PEN_MOVE,103,64,3,27,746,1
,,1697842217873,35.53,47.49,457,PEN_MOVE,102,63,3,27,746,1
,,1697842217884,35.57,47.47,455,PEN_MOVE,103,62,3,27,746,1
,,1697842217896,35.61,47.46,450,PEN_MOVE,103,61,3,27,746,1
,,1697842217908,35.66,47.44,435,PEN_MOVE,104,64,3,27,746,1
,,1697842217919,35.73,47.42,408,PEN_MOVE,104,62,3,27,746,1
,,1697842217931,35.79,47.41,399,PEN_MOVE,103,64,3,27,746,1
,,1697842217942,35.86,47.41,387,PEN_MOVE,103,64,3,27,746,1
,,1697842217953,35.92,47.42,385,PEN_MOVE,103,64,3,27,746,1
,,1697842217966,35.98,47.45,382,PEN_MOVE,103,61,3,27,746,1
,,1697842217977,36.03,47.53,380,PEN_MOVE,102,64,3,27,746,1
,,1697842217989,36.06,47.63,377,PEN_MOVE,102,63,3,27,746,1
,,1697842218000,36.1,47.73,375,PEN_MOVE,103,62,3,27,746,1
,,1697842218012,36.13,47.81,375,PEN_MOVE,102,62,3,27,746,1
,,1697842218024,36.16,47.89,373,PEN_MOVE,101,62,3,27,746,1
,,1697842218035,36.18,47.97,375,PEN_MOVE,101,61,3,27,746,1
,,1697842218047,36.19,48.09,376,PEN_MOVE,103,64,3,27,746,1
,,1697842218058,36.21,48.18,374,PEN_MOVE,102,63,3,27,746,1
,,1697842218069,36.22,48.27,374,PEN_MOVE,103,63,3,27,746,1
,,1697842218081,36.23,48.34,374,PEN_MOVE,102,62,3,27,746,1
,,1697842218093,36.24,48.41,372,PEN_MOVE,103,62,3,27,746,1
,,1697842218104,36.25,48.46,372,PEN_MOVE,103,64,3,27,746,1
,,1697842218116,36.26,48.51,372,PEN_MOVE,102,65,3,27,746,1
,,1697842218127,36.26,48.55,372,PEN_MOVE,102,65,3,27,746,1
,,1697842218151,36.27,48.58,367,PEN_MOVE,103,65,3,27,746,1
,,1697842218185,36.26,48.57,131,PEN_MOVE,103,62,3,27,746,1
,,1697842218196,36.23,48.55,1,PEN_MOVE,102,62,3,27,746,1
,,1697842218221,-1,-1,0,PEN_UP,0,0,3,27,746,1
,,1697842219414,-1,-1,0,PEN_DOWN,0,0,3,27,746,1
,,1697842219436,35.08,47.33,116,PEN_MOVE,104,60,3,27,746,1
,,1697842219483,35.11,47.35,195,PEN_MOVE,104,60,3,27,746,1
,,1697842219517,35.13,47.39,199,PEN_MOVE,101,59,3,27,746,1
,,1697842219529,35.14,47.43,203,PEN_MOVE,102,60,3,27,746,1
,,1697842219541,35.14,47.47,209,PEN_MOVE,102,60,3,27,746,1
,,1697842219552,35.15,47.51,210,PEN_MOVE,101,60,3,27,746,1
,,1697842219564,35.17,47.56,209,PEN_MOVE,101,60,3,27,746,1
,,1697842219575,35.18,47.64,212,PEN_MOVE,102,62,3,27,746,1
,,1697842219587,35.21,47.75,214,PEN_MOVE,101,59,3,27,746,1
,,1697842219598,35.23,47.85,217,PEN_MOVE,103,61,3,27,746,1
,,1697842219610,35.25,47.93,219,PEN_MOVE,102,59,3,27,746,1
,,1697842219622,35.27,48.04,227,PEN_MOVE,104,60,3,27,746,1
,,1697842219633,35.28,48.11,233,PEN_MOVE,103,59,3,27,746,1
,,1697842219644,35.3,48.18,242,PEN_MOVE,103,61,3,27,746,1
,,1697842219656,35.31,48.25,251,PEN_MOVE,103,60,3,27,746,1
,,1697842219668,35.32,48.3,257,PEN_MOVE,103,61,3,27,746,1
,,1697842219679,35.33,48.34,260,PEN_MOVE,103,61,3,27,746,1
,,1697842219691,35.34,48.39,262,PEN_MOVE,103,60,3,27,746,1
,,1697842219703,35.35,48.43,262,PEN_MOVE,103,62,3,27,746,1
,,1697842219714,35.35,48.48,263,PEN_MOVE,103,59,3,27,746,1
,,1697842219725,35.36,48.53,262,PEN_MOVE,103,59,3,27,746,1
,,1697842219737,35.37,48.58,263,PEN_MOVE,104,62,3,27,746,1
,,1697842219749,35.37,48.62,264,PEN_MOVE,103,61,3,27,746,1
,,1697842219760,35.38,48.66,267,PEN_MOVE,104,59,3,27,746,1
,,1697842219772,35.38,48.69,272,PEN_MOVE,104,59,3,27,746,1
,,1697842219795,35.39,48.72,278,PEN_MOVE,104,59,3,27,746,1
,,1697842219888,35.41,48.74,12,PEN_MOVE,103,62,3,27,746,1
,,1697842219903,-1,-1,0,PEN_UP,0,0,3,27,746,1
2026-04-30T16:24:52.490000+00:00,1777566292490,1697846111089,-1,-1,0,PEN_DOWN,0,0,-1,-1,-1,-1
2026-04-30T16:24:52.491000+00:00,1777566292491,1697846111114,39.37,28.69,313,PEN_MOVE,104,139,3,27,746,1
2026-04-30T16:24:52.520000+00:00,1777566292520,1697846111160,39.4,28.71,488,PEN_MOVE,104,139,3,27,746,1
2026-04-30T16:24:52.549000+00:00,1777566292549,1697846111195,39.43,28.74,571,PEN_MOVE,103,139,3,27,746,1
2026-04-30T16:24:52.610000+00:00,1777566292610,1697846111241,39.45,28.77,590,PEN_MOVE,103,140,3,27,746,1
2026-04-30T16:24:52.639000+00:00,1777566292639,1697846111264,39.47,28.81,581,PEN_MOVE,102,140,3,27,746,1
2026-04-30T16:24:52.640000+00:00,1777566292640,1697846111276,39.48,28.85,575,PEN_MOVE,102,140,3,27,746,1
2026-04-30T16:24:52.670000+00:00,1777566292670,1697846111287,39.5,28.89,569,PEN_MOVE,102,141,3,27,746,1
2026-04-30T16:24:52.671000+00:00,1777566292671,1697846111299,39.52,28.94,565,PEN_MOVE,102,140,3,27,746,1
2026-04-30T16:24:52.671000+00:00,1777566292671,1697846111311,39.56,28.99,561,PEN_MOVE,102,142,3,27,746,1
2026-04-30T16:24:52.700000+00:00,1777566292700,1697846111322,39.61,29.09,561,PEN_MOVE,101,139,3,27,746,1
2026-04-30T16:24:52.701000+00:00,1777566292701,1697846111333,39.65,29.16,558,PEN_MOVE,101,138,3,27,746,1
2026-04-30T16:24:52.701000+00:00,1777566292701,1697846111345,39.7,29.24,558,PEN_MOVE,101,140,3,27,746,1
2026-04-30T16:24:52.729000+00:00,1777566292729,1697846111357,39.73,29.31,557,PEN_MOVE,101,140,3,27,746,1
2026-04-30T16:24:52.729000+00:00,1777566292729,1697846111368,39.75,29.35,558,PEN_MOVE,102,137,3,27,746,1
2026-04-30T16:24:52.759000+00:00,1777566292759,1697846111380,39.77,29.43,557,PEN_MOVE,101,138,3,27,746,1
2026-04-30T16:24:52.760000+00:00,1777566292760,1697846111391,39.79,29.51,555,PEN_MOVE,101,139,3,27,746,1
2026-04-30T16:24:52.761000+00:00,1777566292761,1697846111403,39.81,29.58,553,PEN_MOVE,104,153,3,27,746,1
2026-04-30T16:24:52.789000+00:00,1777566292789,1697846111415,39.84,29.66,554,PEN_MOVE,104,153,3,27,746,1
2026-04-30T16:24:52.790000+00:00,1777566292790,1697846111426,39.87,29.78,556,PEN_MOVE,103,138,3,27,746,1
2026-04-30T16:24:52.819000+00:00,1777566292819,1697846111438,39.91,29.86,555,PEN_MOVE,100,140,3,27,746,1
2026-04-30T16:24:52.821000+00:00,1777566292821,1697846111449,39.93,29.91,556,PEN_MOVE,101,141,3,27,746,1
2026-04-30T16:24:52.822000+00:00,1777566292822,1697846111461,39.95,29.95,556,PEN_MOVE,101,139,3,27,746,1
2026-04-30T16:24:52.850000+00:00,1777566292850,1697846111484,39.97,29.98,558,PEN_MOVE,102,140,3,27,746,1
2026-04-30T16:24:52.880000+00:00,1777566292880,1697846111519,39.99,30.0,558,PEN_MOVE,101,140,3,27,746,1
2026-04-30T16:24:52.909000+00:00,1777566292909,1697846111542,40.0,30.0,558,PEN_MOVE,101,141,3,27,746,1
2026-04-30T16:24:52.999000+00:00,1777566292999,1697846111634,40.0,29.99,507,PEN_MOVE,101,140,3,27,746,1
2026-04-30T16:24:53+00:00,1777566293000,1697846111645,39.99,29.99,254,PEN_MOVE,100,140,3,27,746,1
2026-04-30T16:24:53.029000+00:00,1777566293029,1697846111657,39.92,29.97,36,PEN_MOVE,100,153,3,27,746,1
2026-04-30T16:24:53.030000+00:00,1777566293030,1697846111674,-1,-1,0,PEN_UP,0,0,3,27,746,1
2026-04-30T16:25:08.359000+00:00,1777566308359,1697846126969,-1,-1,0,PEN_DOWN,0,0,3,27,746,1
2026-04-30T16:25:08.360000+00:00,1777566308360,1697846126992,15.65,49.33,246,PEN_MOVE,105,85,3,27,746,1
2026-04-30T16:25:08.390000+00:00,1777566308390,1697846127003,15.69,49.32,286,PEN_MOVE,104,89,3,27,746,1
2026-04-30T16:25:08.390000+00:00,1777566308390,1697846127027,15.72,49.31,337,PEN_MOVE,104,88,3,27,746,1
2026-04-30T16:25:08.420000+00:00,1777566308420,1697846127061,15.75,49.32,378,PEN_MOVE,105,90,3,27,746,1
2026-04-30T16:25:08.449000+00:00,1777566308449,1697846127084,15.78,49.38,400,PEN_MOVE,105,90,3,27,746,1
2026-04-30T16:25:08.450000+00:00,1777566308450,1697846127096,15.8,49.46,412,PEN_MOVE,104,90,3,27,746,1
2026-04-30T16:25:08.479000+00:00,1777566308479,1697846127107,15.82,49.57,420,PEN_MOVE,104,90,3,27,746,1
2026-04-30T16:25:08.480000+00:00,1777566308480,1697846127119,15.84,49.7,443,PEN_MOVE,104,89,3,27,746,1
2026-04-30T16:25:08.509000+00:00,1777566308509,1697846127130,15.86,49.81,443,PEN_MOVE,104,87,3,27,746,1
2026-04-30T16:25:08.510000+00:00,1777566308510,1697846127142,15.87,49.91,445,PEN_MOVE,103,86,3,27,746,1
2026-04-30T16:25:08.511000+00:00,1777566308511,1697846127154,15.9,50.08,469,PEN_MOVE,103,86,3,27,746,1
2026-04-30T16:25:08.540000+00:00,1777566308540,1697846127165,15.91,50.24,467,PEN_MOVE,103,86,3,27,746,1
2026-04-30T16:25:08.541000+00:00,1777566308541,1697846127177,15.93,50.39,466,PEN_MOVE,102,84,3,27,746,1
2026-04-30T16:25:08.571000+00:00,1777566308571,1697846127189,15.94,50.53,467,PEN_MOVE,102,84,3,27,746,1
2026-04-30T16:25:08.572000+00:00,1777566308572,1697846127200,15.94,50.65,475,PEN_MOVE,106,86,3,27,746,1
2026-04-30T16:25:08.572000+00:00,1777566308572,1697846127212,15.95,50.72,480,PEN_MOVE,106,85,3,27,746,1
2026-04-30T16:25:08.599000+00:00,1777566308599,1697846127223,15.96,50.81,480,PEN_MOVE,106,84,3,27,746,1
2026-04-30T16:25:08.600000+00:00,1777566308600,1697846127234,15.96,50.89,479,PEN_MOVE,102,84,3,27,746,1
2026-04-30T16:25:08.600000+00:00,1777566308600,1697846127246,15.97,50.96,478,PEN_MOVE,106,84,3,27,746,1
2026-04-30T16:25:08.629000+00:00,1777566308629,1697846127257,15.97,51.0,478,PEN_MOVE,106,85,3,27,746,1
2026-04-30T16:25:08.630000+00:00,1777566308630,1697846127269,15.98,51.03,478,PEN_MOVE,106,84,3,27,746,1
2026-04-30T16:25:08.689000+00:00,1777566308689,1697846127281,15.98,51.06,481,PEN_MOVE,106,85,3,27,746,1
2026-04-30T16:25:08.690000+00:00,1777566308690,1697846127304,16.0,51.09,486,PEN_MOVE,105,87,3,27,746,1
2026-04-30T16:25:08.719000+00:00,1777566308719,1697846127338,16.01,51.13,485,PEN_MOVE,106,84,3,27,746,1
2026-04-30T16:25:08.721000+00:00,1777566308721,1697846127362,16.01,51.17,478,PEN_MOVE,105,84,3,27,746,1
2026-04-30T16:25:08.749000+00:00,1777566308749,1697846127385,16.01,51.2,469,PEN_MOVE,106,84,3,27,746,1
2026-04-30T16:25:08.779000+00:00,1777566308779,1697846127407,16.01,51.2,297,PEN_MOVE,105,85,3,27,746,1
2026-04-30T16:25:08.780000+00:00,1777566308780,1697846127419,15.98,51.2,163,PEN_MOVE,105,83,3,27,746,1
2026-04-30T16:25:08.809000+00:00,1777566308809,1697846127431,15.89,51.19,1,PEN_MOVE,103,83,3,27,746,1
2026-04-30T16:25:08.810000+00:00,1777566308810,1697846127445,-1,-1,0,PEN_UP,0,0,3,27,746,1
2026-04-30T16:25:08.991000+00:00,1777566308991,1697846127602,-1,-1,0,PEN_DOWN,0,0,3,27,746,1
2026-04-30T16:25:08.991000+00:00,1777566308991,1697846127625,14.88,49.49,271,PEN_MOVE,106,80,3,27,746,1
2026-04-30T16:25:09.020000+00:00,1777566309020,1697846127648,14.91,49.47,394,PEN_MOVE,107,79,3,27,746,1
2026-04-30T16:25:09.049000+00:00,1777566309049,1697846127671,14.96,49.47,432,PEN_MOVE,104,87,3,27,746,1
2026-04-30T16:25:09.050000+00:00,1777566309050,1697846127694,15.0,49.47,426,PEN_MOVE,105,87,3,27,746,1
2026-04-30T16:25:09.079000+00:00,1777566309079,1697846127706,15.03,49.48,424,PEN_MOVE,106,87,3,27,746,1
2026-04-30T16:25:09.080000+00:00,1777566309080,1697846127717,15.09,49.48,423,PEN_MOVE,105,89,3,27,746,1
2026-04-30T16:25:09.109000+00:00,1777566309109,1697846127729,15.18,49.49,420,PEN_MOVE,105,90,3,27,746,1
2026-04-30T16:25:09.110000+00:00,1777566309110,1697846127740,15.28,49.5,420,PEN_MOVE,105,90,3,27,746,1
2026-04-30T16:25:09.110000+00:00,1777566309110,1697846127752,15.39,49.52,420,PEN_MOVE,106,94,3,27,746,1
2026-04-30T16:25:09.139000+00:00,1777566309139,1697846127763,15.57,49.52,418,PEN_MOVE,106,94,3,27,746,1
2026-04-30T16:25:09.140000+00:00,1777566309140,1697846127775,15.71,49.53,418,PEN_MOVE,105,100,3,27,746,1
2026-04-30T16:25:09.140000+00:00,1777566309140,1697846127787,15.84,49.53,416,PEN_MOVE,105,94,3,27,746,1
2026-04-30T16:25:09.169000+00:00,1777566309169,1697846127798,15.93,49.53,417,PEN_MOVE,105,100,3,27,746,1
2026-04-30T16:25:09.170000+00:00,1777566309170,1697846127810,16.02,49.53,416,PEN_MOVE,105,94,3,27,746,1
2026-04-30T16:25:09.199000+00:00,1777566309199,1697846127821,16.08,49.53,418,PEN_MOVE,105,94,3,27,746,1
2026-04-30T16:25:09.200000+00:00,1777566309200,1697846127832,16.12,49.53,421,PEN_MOVE,104,93,3,27,746,1
2026-04-30T16:25:09.201000+00:00,1777566309201,1697846127844,16.16,49.54,422,PEN_MOVE,104,92,3,27,746,1
2026-04-30T16:25:09.230000+00:00,1777566309230,1697846127856,16.19,49.54,423,PEN_MOVE,104,93,3,27,746,1
2026-04-30T16:25:09.259000+00:00,1777566309259,1697846127891,16.22,49.55,422,PEN_MOVE,104,92,3,27,746,1
2026-04-30T16:25:09.290000+00:00,1777566309290,1697846127913,16.25,49.55,420,PEN_MOVE,104,94,3,27,746,1
2026-04-30T16:25:09.290000+00:00,1777566309290,1697846127936,16.29,49.56,420,PEN_MOVE,104,92,3,27,746,1
2026-04-30T16:25:09.319000+00:00,1777566309319,1697846127948,16.33,49.56,421,PEN_MOVE,103,92,3,27,746,1
2026-04-30T16:25:09.320000+00:00,1777566309320,1697846127959,16.36,49.56,421,PEN_MOVE,102,91,3,27,746,1
2026-04-30T16:25:09.349000+00:00,1777566309349,1697846127971,16.39,49.57,420,PEN_MOVE,102,91,3,27,746,1
2026-04-30T16:25:09.350000+00:00,1777566309350,1697846127995,16.42,49.57,421,PEN_MOVE,102,90,3,27,746,1
2026-04-30T16:25:09.440000+00:00,1777566309440,1697846128076,16.31,49.58,141,PEN_MOVE,103,91,3,27,746,1
2026-04-30T16:25:09.440000+00:00,1777566309440,1697846128096,-1,-1,0,PEN_UP,0,0,3,27,746,1
2026-04-30T16:25:10.190000+00:00,1777566310190,1697846128789,-1,-1,0,PEN_DOWN,0,0,3,27,746,1
2026-04-30T16:25:10.190000+00:00,1777566310190,1697846128812,16.26,50.7,198,PEN_MOVE,103,78,3,27,746,1
2026-04-30T16:25:10.219000+00:00,1777566310219,1697846128846,16.3,50.7,265,PEN_MOVE,103,79,3,27,746,1
2026-04-30T16:25:10.249000+00:00,1777566310249,1697846128869,16.33,50.7,269,PEN_MOVE,104,79,3,27,746,1
2026-04-30T16:25:10.250000+00:00,1777566310250,1697846128880,16.36,50.7,270,PEN_MOVE,104,81,3,27,746,1
2026-04-30T16:25:10.250000+00:00,1777566310250,1697846128892,16.43,50.7,284,PEN_MOVE,104,82,3,27,746,1
2026-04-30T16:25:10.309000+00:00,1777566310309,1697846128904,16.51,50.7,283,PEN_MOVE,104,80,3,27,746,1
2026-04-30T16:25:10.310000+00:00,1777566310310,1697846128915,16.58,50.69,281,PEN_MOVE,104,81,3,27,746,1
2026-04-30T16:25:10.312000+00:00,1777566310312,1697846128927,16.67,50.68,280,PEN_MOVE,104,81,3,27,746,1
2026-04-30T16:25:10.312000+00:00,1777566310312,1697846128939,16.75,50.65,277,PEN_MOVE,104,82,3,27,746,1
2026-04-30T16:25:10.313000+00:00,1777566310313,1697846128950,16.8,50.62,275,PEN_MOVE,104,83,3,27,746,1
2026-04-30T16:25:10.340000+00:00,1777566310340,1697846128961,16.86,50.58,275,PEN_MOVE,104,83,3,27,746,1
2026-04-30T16:25:10.341000+00:00,1777566310341,1697846128973,16.92,50.54,275,PEN_MOVE,104,83,3,27,746,1
2026-04-30T16:25:10.341000+00:00,1777566310341,1697846128985,16.99,50.48,274,PEN_MOVE,103,84,3,27,746,1
2026-04-30T16:25:10.369000+00:00,1777566310369,1697846128996,17.03,50.42,283,PEN_MOVE,104,84,3,27,746,1
2026-04-30T16:25:10.370000+00:00,1777566310370,1697846129008,17.06,50.36,304,PEN_MOVE,104,85,3,27,746,1
2026-04-30T16:25:10.400000+00:00,1777566310400,1697846129019,17.08,50.32,324,PEN_MOVE,104,85,3,27,746,1
2026-04-30T16:25:10.400000+00:00,1777566310400,1697846129031,17.1,50.29,341,PEN_MOVE,104,85,3,27,746,1
2026-04-30T16:25:10.401000+00:00,1777566310401,1697846129043,17.1,50.25,351,PEN_MOVE,104,86,3,27,746,1
2026-04-30T16:25:10.429000+00:00,1777566310429,1697846129054,17.1,50.21,348,PEN_MOVE,103,86,3,27,746,1
2026-04-30T16:25:10.430000+00:00,1777566310430,1697846129065,17.1,50.15,344,PEN_MOVE,104,85,3,27,746,1
2026-04-30T16:25:10.431000+00:00,1777566310431,1697846129076,17.09,50.1,341,PEN_MOVE,104,86,3,27,746,1
2026-04-30T16:25:10.489000+00:00,1777566310489,1697846129088,17.08,50.05,339,PEN_MOVE,104,86,3,27,746,1
2026-04-30T16:25:10.490000+00:00,1777566310490,1697846129100,17.06,50.01,338,PEN_MOVE,104,85,3,27,746,1
2026-04-30T16:25:10.490000+00:00,1777566310490,1697846129112,17.01,49.98,338,PEN_MOVE,104,85,3,27,746,1
2026-04-30T16:25:10.492000+00:00,1777566310492,1697846129123,16.94,49.97,347,PEN_MOVE,104,84,3,27,746,1
2026-04-30T16:25:10.492000+00:00,1777566310492,1697846129135,16.89,49.96,367,PEN_MOVE,103,83,3,27,746,1
2026-04-30T16:25:10.522000+00:00,1777566310522,1697846129147,16.81,49.97,382,PEN_MOVE,104,81,3,27,746,1
2026-04-30T16:25:10.523000+00:00,1777566310523,1697846129157,16.75,50.01,396,PEN_MOVE,102,83,3,27,746,1
2026-04-30T16:25:10.549000+00:00,1777566310549,1697846129169,16.65,50.11,392,PEN_MOVE,104,83,3,27,746,1
2026-04-30T16:25:10.550000+00:00,1777566310550,1697846129181,16.58,50.24,392,PEN_MOVE,104,82,3,27,746,1
2026-04-30T16:25:10.551000+00:00,1777566310551,1697846129193,16.53,50.36,390,PEN_MOVE,104,80,3,27,746,1
2026-04-30T16:25:10.579000+00:00,1777566310579,1697846129204,16.5,50.48,392,PEN_MOVE,104,80,3,27,746,1
2026-04-30T16:25:10.580000+00:00,1777566310580,1697846129216,16.49,50.61,396,PEN_MOVE,104,78,3,27,746,1
2026-04-30T16:25:10.580000+00:00,1777566310580,1697846129227,16.49,50.72,397,PEN_MOVE,104,79,3,27,746,1
2026-04-30T16:25:10.639000+00:00,1777566310639,1697846129238,16.5,50.78,399,PEN_MOVE,104,77,3,27,746,1
2026-04-30T16:25:10.639000+00:00,1777566310639,1697846129250,16.53,50.86,402,PEN_MOVE,103,77,3,27,746,1
2026-04-30T16:25:10.640000+00:00,1777566310640,1697846129261,16.57,50.95,406,PEN_MOVE,103,79,3,27,746,1
2026-04-30T16:25:10.640000+00:00,1777566310640,1697846129273,16.66,51.03,407,PEN_MOVE,103,79,3,27,746,1
2026-04-30T16:25:10.641000+00:00,1777566310641,1697846129285,16.73,51.09,406,PEN_MOVE,103,78,3,27,746,1
2026-04-30T16:25:10.672000+00:00,1777566310672,1697846129297,16.8,51.12,408,PEN_MOVE,103,78,3,27,746,1
2026-04-30T16:25:10.672000+00:00,1777566310672,1697846129307,16.87,51.15,408,PEN_MOVE,103,78,3,27,746,1
2026-04-30T16:25:10.699000+00:00,1777566310699,1697846129319,16.92,51.16,407,PEN_MOVE,103,79,3,27,746,1
2026-04-30T16:25:10.700000+00:00,1777566310700,1697846129331,16.96,51.16,402,PEN_MOVE,103,81,3,27,746,1
2026-04-30T16:25:10.701000+00:00,1777566310701,1697846129343,16.99,51.16,392,PEN_MOVE,103,81,3,27,746,1
2026-04-30T16:25:10.731000+00:00,1777566310731,1697846129354,17.0,51.16,317,PEN_MOVE,102,80,3,27,746,1
2026-04-30T16:25:10.731000+00:00,1777566310731,1697846129366,17.02,51.15,135,PEN_MOVE,102,78,3,27,746,1
2026-04-30T16:25:10.732000+00:00,1777566310732,1697846129387,-1,-1,0,PEN_UP,0,0,3,27,746,1
2026-04-30T16:25:10.971000+00:00,1777566310971,1697846129570,-1,-1,0,PEN_DOWN,0,0,3,27,746,1
2026-04-30T16:25:10.972000+00:00,1777566310972,1697846129594,18.13,50.2,218,PEN_MOVE,103,85,3,27,746,1
2026-04-30T16:25:10.972000+00:00,1777566310972,1697846129617,18.17,50.19,309,PEN_MOVE,103,85,3,27,746,1
2026-04-30T16:25:11.060000+00:00,1777566311060,1697846129686,18.13,50.16,367,PEN_MOVE,103,85,3,27,746,1
2026-04-30T16:25:11.061000+00:00,1777566311061,1697846129698,18.04,50.14,363,PEN_MOVE,104,86,3,27,746,1
2026-04-30T16:25:11.089000+00:00,1777566311089,1697846129709,17.94,50.1,363,PEN_MOVE,104,85,3,27,746,1
2026-04-30T16:25:11.090000+00:00,1777566311090,1697846129721,17.82,50.08,359,PEN_MOVE,103,85,3,27,746,1
2026-04-30T16:25:11.090000+00:00,1777566311090,1697846129732,17.7,50.06,366,PEN_MOVE,103,85,3,27,746,1
2026-04-30T16:25:11.122000+00:00,1777566311122,1697846129744,17.59,50.06,374,PEN_MOVE,103,85,3,27,746,1
2026-04-30T16:25:11.122000+00:00,1777566311122,1697846129755,17.48,50.06,366,PEN_MOVE,103,84,3,27,746,1
2026-04-30T16:25:11.122000+00:00,1777566311122,1697846129767,17.38,50.09,362,PEN_MOVE,103,84,3,27,746,1
2026-04-30T16:25:11.148000+00:00,1777566311148,1697846129779,17.33,50.15,359,PEN_MOVE,103,83,3,27,746,1
2026-04-30T16:25:11.149000+00:00,1777566311149,1697846129790,17.31,50.24,357,PEN_MOVE,103,83,3,27,746,1
2026-04-30T16:25:11.208000+00:00,1777566311208,1697846129801,17.31,50.34,358,PEN_MOVE,103,82,3,27,746,1
2026-04-30T16:25:11.211000+00:00,1777566311211,1697846129813,17.33,50.43,362,PEN_MOVE,103,81,3,27,746,1
2026-04-30T16:25:11.211000+00:00,1777566311211,1697846129825,17.42,50.52,366,PEN_MOVE,102,80,3,27,746,1
2026-04-30T16:25:11.212000+00:00,1777566311212,1697846129836,17.53,50.59,371,PEN_MOVE,102,79,3,27,746,1
2026-04-30T16:25:11.212000+00:00,1777566311212,1697846129848,17.63,50.63,374,PEN_MOVE,103,82,3,27,746,1
2026-04-30T16:25:11.239000+00:00,1777566311239,1697846129859,17.77,50.66,378,PEN_MOVE,103,80,3,27,746,1
2026-04-30T16:25:11.240000+00:00,1777566311240,1697846129871,17.9,50.69,380,PEN_MOVE,103,80,3,27,746,1
2026-04-30T16:25:11.240000+00:00,1777566311240,1697846129883,18.02,50.72,383,PEN_MOVE,106,80,3,27,746,1
2026-04-30T16:25:11.268000+00:00,1777566311268,1697846129894,18.11,50.77,382,PEN_MOVE,102,83,3,27,746,1
2026-04-30T16:25:11.269000+00:00,1777566311269,1697846129905,18.17,50.82,382,PEN_MOVE,102,83,3,27,746,1
2026-04-30T16:25:11.298000+00:00,1777566311298,1697846129917,18.21,50.87,382,PEN_MOVE,102,83,3,27,746,1
2026-04-30T16:25:11.300000+00:00,1777566311300,1697846129928,18.22,50.91,383,PEN_MOVE,106,82,3,27,746,1
2026-04-30T16:25:11.300000+00:00,1777566311300,1697846129940,18.23,50.96,383,PEN_MOVE,105,82,3,27,746,1
2026-04-30T16:25:11.329000+00:00,1777566311329,1697846129952,18.22,51.02,419,PEN_MOVE,106,82,3,27,746,1
2026-04-30T16:25:11.330000+00:00,1777566311330,1697846129963,18.19,51.08,438,PEN_MOVE,106,80,3,27,746,1
2026-04-30T16:25:11.331000+00:00,1777566311331,1697846129975,18.14,51.14,433,PEN_MOVE,105,83,3,27,746,1
2026-04-30T16:25:11.390000+00:00,1777566311390,1697846129987,18.05,51.2,429,PEN_MOVE,105,82,3,27,746,1
2026-04-30T16:25:11.390000+00:00,1777566311390,1697846129997,17.95,51.24,427,PEN_MOVE,105,82,3,27,746,1
2026-04-30T16:25:11.419000+00:00,1777566311419,1697846130009,17.86,51.27,424,PEN_MOVE,105,81,3,27,746,1
2026-04-30T16:25:11.420000+00:00,1777566311420,1697846130021,17.78,51.27,429,PEN_MOVE,105,83,3,27,746,1
2026-04-30T16:25:11.421000+00:00,1777566311421,1697846130032,17.7,51.27,449,PEN_MOVE,102,81,3,27,746,1
2026-04-30T16:25:11.451000+00:00,1777566311451,1697846130044,17.64,51.26,448,PEN_MOVE,106,81,3,27,746,1
2026-04-30T16:25:11.451000+00:00,1777566311451,1697846130055,17.59,51.25,442,PEN_MOVE,102,80,3,27,746,1
2026-04-30T16:25:11.452000+00:00,1777566311452,1697846130078,17.55,51.23,369,PEN_MOVE,102,82,3,27,746,1
2026-04-30T16:25:11.481000+00:00,1777566311481,1697846130102,17.55,51.2,145,PEN_MOVE,106,81,3,27,746,1
2026-04-30T16:25:11.482000+00:00,1777566311482,1697846130113,17.56,51.16,1,PEN_MOVE,102,80,3,27,746,1
2026-04-30T16:25:11.482000+00:00,1777566311482,1697846130139,-1,-1,0,PEN_UP,0,0,3,27,746,1
2026-04-30T16:25:11.689000+00:00,1777566311689,1697846130289,-1,-1,0,PEN_DOWN,0,0,3,27,746,1
2026-04-30T16:25:11.690000+00:00,1777566311690,1697846130312,19.21,49.42,221,PEN_MOVE,105,90,3,27,746,1
2026-04-30T16:25:11.720000+00:00,1777566311720,1697846130346,19.24,49.43,356,PEN_MOVE,105,88,3,27,746,1
2026-04-30T16:25:11.749000+00:00,1777566311749,1697846130369,19.23,49.52,418,PEN_MOVE,104,87,3,27,746,1
2026-04-30T16:25:11.750000+00:00,1777566311750,1697846130381,19.21,49.65,445,PEN_MOVE,104,86,3,27,746,1
2026-04-30T16:25:11.751000+00:00,1777566311751,1697846130393,19.16,49.85,466,PEN_MOVE,103,85,3,27,746,1
2026-04-30T16:25:11.839000+00:00,1777566311839,1697846130404,19.05,50.08,510,PEN_MOVE,104,84,3,27,746,1
2026-04-30T16:25:11.840000+00:00,1777566311840,1697846130415,18.94,50.31,500,PEN_MOVE,104,80,3,27,746,1
2026-04-30T16:25:11.840000+00:00,1777566311840,1697846130426,18.85,50.52,495,PEN_MOVE,103,80,3,27,746,1
2026-04-30T16:25:11.841000+00:00,1777566311841,1697846130439,18.81,50.68,492,PEN_MOVE,103,80,3,27,746,1
2026-04-30T16:25:11.841000+00:00,1777566311841,1697846130451,18.8,50.8,492,PEN_MOVE,103,81,3,27,746,1
2026-04-30T16:25:11.873000+00:00,1777566311873,1697846130462,18.8,50.89,491,PEN_MOVE,102,82,3,27,746,1
2026-04-30T16:25:11.873000+00:00,1777566311873,1697846130474,18.8,50.95,491,PEN_MOVE,103,83,3,27,746,1
2026-04-30T16:25:11.873000+00:00,1777566311873,1697846130485,18.83,51.0,492,PEN_MOVE,102,84,3,27,746,1
2026-04-30T16:25:11.873000+00:00,1777566311873,1697846130496,18.87,51.05,493,PEN_MOVE,102,83,3,27,746,1
2026-04-30T16:25:11.874000+00:00,1777566311874,1697846130507,18.91,51.08,492,PEN_MOVE,105,87,3,27,746,1
2026-04-30T16:25:11.900000+00:00,1777566311900,1697846130519,18.94,51.09,493,PEN_MOVE,102,87,3,27,746,1
2026-04-30T16:25:11.901000+00:00,1777566311901,1697846130531,19.0,51.11,494,PEN_MOVE,105,86,3,27,746,1
2026-04-30T16:25:11.901000+00:00,1777566311901,1697846130543,19.07,51.11,491,PEN_MOVE,106,87,3,27,746,1
2026-04-30T16:25:11.930000+00:00,1777566311930,1697846130554,19.14,51.12,484,PEN_MOVE,106,85,3,27,746,1
2026-04-30T16:25:11.931000+00:00,1777566311931,1697846130566,19.19,51.12,473,PEN_MOVE,105,85,3,27,746,1
2026-04-30T16:25:11.958000+00:00,1777566311958,1697846130577,19.22,51.11,409,PEN_MOVE,106,85,3,27,746,1
2026-04-30T16:25:11.960000+00:00,1777566311960,1697846130600,19.23,51.1,182,PEN_MOVE,105,84,3,27,746,1
2026-04-30T16:25:11.989000+00:00,1777566311989,1697846130612,19.23,51.09,4,PEN_MOVE,106,82,3,27,746,1
2026-04-30T16:25:11.990000+00:00,1777566311990,1697846130627,-1,-1,0,PEN_UP,0,0,3,27,746,1
2026-04-30T16:25:12.170000+00:00,1777566312170,1697846130772,-1,-1,0,PEN_DOWN,0,0,3,27,746,1
2026-04-30T16:25:12.170000+00:00,1777566312170,1697846130795,18.34,50.44,270,PEN_MOVE,104,82,3,27,746,1
2026-04-30T16:25:12.199000+00:00,1777566312199,1697846130818,18.37,50.44,330,PEN_MOVE,104,81,3,27,746,1
2026-04-30T16:25:12.199000+00:00,1777566312199,1697846130830,18.4,50.45,331,PEN_MOVE,105,81,3,27,746,1
2026-04-30T16:25:12.200000+00:00,1777566312200,1697846130841,18.45,50.45,329,PEN_MOVE,105,81,3,27,746,1
2026-04-30T16:25:12.229000+00:00,1777566312229,1697846130853,18.54,50.46,331,PEN_MOVE,103,82,3,27,746,1
2026-04-30T16:25:12.230000+00:00,1777566312230,1697846130864,18.7,50.46,330,PEN_MOVE,103,81,3,27,746,1
2026-04-30T16:25:12.231000+00:00,1777566312231,1697846130876,18.86,50.46,327,PEN_MOVE,104,81,3,27,746,1
2026-04-30T16:25:12.259000+00:00,1777566312259,1697846130887,18.99,50.46,322,PEN_MOVE,103,84,3,27,746,1
2026-04-30T16:25:12.260000+00:00,1777566312260,1697846130898,19.1,50.45,315,PEN_MOVE,103,85,3,27,746,1
2026-04-30T16:25:12.289000+00:00,1777566312289,1697846130910,19.21,50.44,300,PEN_MOVE,103,85,3,27,746,1
2026-04-30T16:25:12.290000+00:00,1777566312290,1697846130922,19.29,50.43,187,PEN_MOVE,103,85,3,27,746,1
2026-04-30T16:25:12.292000+00:00,1777566312292,1697846130934,19.32,50.42,1,PEN_MOVE,103,85,3,27,746,1
2026-04-30T16:25:12.292000+00:00,1777566312292,1697846130948,-1,-1,0,PEN_UP,0,0,3,27,746,1
2026-04-30T16:25:23.689000+00:00,1777566323689,1697846142271,-1,-1,0,PEN_DOWN,0,0,3,27,746,1
2026-04-30T16:25:23.690000+00:00,1777566323690,1697846142295,22.99,49.33,242,PEN_MOVE,104,81,3,27,746,1
2026-04-30T16:25:23.691000+00:00,1777566323691,1697846142318,22.99,49.3,325,PEN_MOVE,104,78,3,27,746,1
2026-04-30T16:25:23.720000+00:00,1777566323720,1697846142329,23.0,49.29,347,PEN_MOVE,104,78,3,27,746,1
2026-04-30T16:25:23.779000+00:00,1777566323779,1697846142398,23.02,49.32,436,PEN_MOVE,105,75,3,27,746,1
2026-04-30T16:25:23.780000+00:00,1777566323780,1697846142410,23.04,49.45,467,PEN_MOVE,104,74,3,27,746,1
2026-04-30T16:25:23.781000+00:00,1777566323781,1697846142422,23.06,49.7,487,PEN_MOVE,104,75,3,27,746,1
2026-04-30T16:25:23.809000+00:00,1777566323809,1697846142433,23.08,49.9,486,PEN_MOVE,104,77,3,27,746,1
2026-04-30T16:25:23.810000+00:00,1777566323810,1697846142444,23.1,50.13,478,PEN_MOVE,104,77,3,27,746,1
2026-04-30T16:25:23.810000+00:00,1777566323810,1697846142456,23.12,50.31,472,PEN_MOVE,103,75,3,27,746,1
2026-04-30T16:25:23.840000+00:00,1777566323840,1697846142468,23.15,50.52,469,PEN_MOVE,104,76,3,27,746,1
2026-04-30T16:25:23.840000+00:00,1777566323840,1697846142479,23.16,50.76,469,PEN_MOVE,103,77,3,27,746,1
2026-04-30T16:25:23.899000+00:00,1777566323899,1697846142491,23.17,50.89,469,PEN_MOVE,103,79,3,27,746,1
2026-04-30T16:25:23.900000+00:00,1777566323900,1697846142502,23.18,51.02,469,PEN_MOVE,103,80,3,27,746,1
2026-04-30T16:25:23.900000+00:00,1777566323900,1697846142514,23.19,51.08,469,PEN_MOVE,104,78,3,27,746,1
2026-04-30T16:25:23.929000+00:00,1777566323929,1697846142525,23.2,51.13,469,PEN_MOVE,103,78,3,27,746,1
2026-04-30T16:25:23.930000+00:00,1777566323930,1697846142537,23.21,51.16,470,PEN_MOVE,103,78,3,27,746,1
2026-04-30T16:25:23.930000+00:00,1777566323930,1697846142548,23.22,51.2,471,PEN_MOVE,103,78,3,27,746,1
2026-04-30T16:25:23.931000+00:00,1777566323931,1697846142571,23.23,51.24,470,PEN_MOVE,103,79,3,27,746,1
2026-04-30T16:25:23.989000+00:00,1777566323989,1697846142618,23.22,51.25,182,PEN_MOVE,103,82,3,27,746,1
2026-04-30T16:25:23.990000+00:00,1777566323990,1697846142629,23.18,51.25,43,PEN_MOVE,103,83,3,27,746,1
2026-04-30T16:25:23.990000+00:00,1777566323990,1697846142647,-1,-1,0,PEN_UP,0,0,3,27,746,1
2026-04-30T16:25:24.199000+00:00,1777566324199,1697846142801,-1,-1,0,PEN_DOWN,0,0,3,27,746,1
2026-04-30T16:25:24.200000+00:00,1777566324200,1697846142824,22.35,49.62,229,PEN_MOVE,105,78,3,27,746,1
2026-04-30T16:25:24.229000+00:00,1777566324229,1697846142870,22.38,49.63,404,PEN_MOVE,105,75,3,27,746,1
2026-04-30T16:25:24.259000+00:00,1777566324259,1697846142893,22.42,49.63,399,PEN_MOVE,105,75,3,27,746,1
2026-04-30T16:25:24.260000+00:00,1777566324260,1697846142904,22.46,49.63,397,PEN_MOVE,104,75,3,27,746,1
2026-04-30T16:25:24.289000+00:00,1777566324289,1697846142916,22.53,49.63,395,PEN_MOVE,105,75,3,27,746,1
2026-04-30T16:25:24.290000+00:00,1777566324290,1697846142928,22.63,49.63,395,PEN_MOVE,105,75,3,27,746,1
2026-04-30T16:25:24.323000+00:00,1777566324323,1697846142939,22.76,49.63,394,PEN_MOVE,105,75,3,27,746,1
2026-04-30T16:25:24.323000+00:00,1777566324323,1697846142951,22.89,49.63,394,PEN_MOVE,104,76,3,27,746,1
2026-04-30T16:25:24.323000+00:00,1777566324323,1697846142963,23.04,49.63,395,PEN_MOVE,104,76,3,27,746,1
2026-04-30T16:25:24.350000+00:00,1777566324350,1697846142974,23.16,49.63,394,PEN_MOVE,104,77,3,27,746,1
2026-04-30T16:25:24.350000+00:00,1777566324350,1697846142985,23.25,49.64,393,PEN_MOVE,105,77,3,27,746,1
2026-04-30T16:25:24.351000+00:00,1777566324351,1697846142997,23.33,49.64,393,PEN_MOVE,104,77,3,27,746,1
2026-04-30T16:25:24.409000+00:00,1777566324409,1697846143008,23.42,49.64,393,PEN_MOVE,104,78,3,27,746,1
2026-04-30T16:25:24.410000+00:00,1777566324410,1697846143020,23.49,49.64,392,PEN_MOVE,104,77,3,27,746,1
2026-04-30T16:25:24.410000+00:00,1777566324410,1697846143032,23.54,49.64,394,PEN_MOVE,104,78,3,27,746,1
2026-04-30T16:25:24.411000+00:00,1777566324411,1697846143043,23.6,49.64,396,PEN_MOVE,104,77,3,27,746,1
2026-04-30T16:25:24.411000+00:00,1777566324411,1697846143055,23.66,49.64,397,PEN_MOVE,104,77,3,27,746,1
2026-04-30T16:25:24.439000+00:00,1777566324439,1697846143067,23.72,49.64,397,PEN_MOVE,103,78,3,27,746,1
2026-04-30T16:25:24.439000+00:00,1777566324439,1697846143078,23.75,49.64,397,PEN_MOVE,104,77,3,27,746,1
2026-04-30T16:25:24.469000+00:00,1777566324469,1697846143101,23.8,49.65,397,PEN_MOVE,104,78,3,27,746,1
2026-04-30T16:25:24.471000+00:00,1777566324471,1697846143112,23.83,49.65,397,PEN_MOVE,104,79,3,27,746,1
2026-04-30T16:25:24.499000+00:00,1777566324499,1697846143124,23.87,49.65,397,PEN_MOVE,104,79,3,27,746,1
2026-04-30T16:25:24.499000+00:00,1777566324499,1697846143136,23.9,49.65,396,PEN_MOVE,104,79,3,27,746,1
2026-04-30T16:25:24.529000+00:00,1777566324529,1697846143170,23.93,49.65,393,PEN_MOVE,103,80,3,27,746,1
2026-04-30T16:25:24.559000+00:00,1777566324559,1697846143205,23.9,49.66,312,PEN_MOVE,103,79,3,27,746,1
2026-04-30T16:25:24.589000+00:00,1777566324589,1697846143217,23.85,49.66,107,PEN_MOVE,103,80,3,27,746,1
2026-04-30T16:25:24.590000+00:00,1777566324590,1697846143229,23.74,49.68,1,PEN_MOVE,103,83,3,27,746,1
2026-04-30T16:25:24.590000+00:00,1777566324590,1697846143253,-1,-1,0,PEN_UP,0,0,3,27,746,1
2026-04-30T16:25:24.860000+00:00,1777566324860,1697846143457,-1,-1,0,PEN_DOWN,0,0,3,27,746,1
2026-04-30T16:25:24.860000+00:00,1777566324860,1697846143481,23.75,50.93,284,PEN_MOVE,105,77,3,27,746,1
2026-04-30T16:25:24.890000+00:00,1777566324890,1697846143515,23.78,50.94,376,PEN_MOVE,104,78,3,27,746,1
2026-04-30T16:25:24.920000+00:00,1777566324920,1697846143550,23.81,50.94,368,PEN_MOVE,104,81,3,27,746,1
2026-04-30T16:25:24.922000+00:00,1777566324922,1697846143561,23.85,50.95,367,PEN_MOVE,104,81,3,27,746,1
2026-04-30T16:25:24.950000+00:00,1777566324950,1697846143572,23.93,50.95,368,PEN_MOVE,103,82,3,27,746,1
2026-04-30T16:25:24.951000+00:00,1777566324951,1697846143584,24.01,50.95,368,PEN_MOVE,103,81,3,27,746,1
2026-04-30T16:25:24.951000+00:00,1777566324951,1697846143595,24.09,50.95,367,PEN_MOVE,102,85,3,27,746,1
2026-04-30T16:25:24.980000+00:00,1777566324980,1697846143607,24.17,50.95,366,PEN_MOVE,103,82,3,27,746,1
2026-04-30T16:25:24.981000+00:00,1777566324981,1697846143618,24.25,50.93,364,PEN_MOVE,103,82,3,27,746,1
2026-04-30T16:25:25.009000+00:00,1777566325009,1697846143630,24.33,50.9,364,PEN_MOVE,103,82,3,27,746,1
2026-04-30T16:25:25.010000+00:00,1777566325010,1697846143642,24.38,50.85,362,PEN_MOVE,104,81,3,27,746,1
2026-04-30T16:25:25.011000+00:00,1777566325011,1697846143654,24.42,50.8,362,PEN_MOVE,104,82,3,27,746,1
2026-04-30T16:25:25.039000+00:00,1777566325039,1697846143665,24.45,50.76,363,PEN_MOVE,104,82,3,27,746,1
2026-04-30T16:25:25.040000+00:00,1777566325040,1697846143676,24.48,50.7,361,PEN_MOVE,104,82,3,27,746,1
2026-04-30T16:25:25.069000+00:00,1777566325069,1697846143687,24.5,50.65,361,PEN_MOVE,103,81,3,27,746,1
2026-04-30T16:25:25.071000+00:00,1777566325071,1697846143699,24.51,50.6,364,PEN_MOVE,104,83,3,27,746,1
2026-04-30T16:25:25.071000+00:00,1777566325071,1697846143711,24.52,50.52,359,PEN_MOVE,103,82,3,27,746,1
2026-04-30T16:25:25.099000+00:00,1777566325099,1697846143723,24.51,50.46,358,PEN_MOVE,104,83,3,27,746,1
2026-04-30T16:25:25.100000+00:00,1777566325100,1697846143734,24.5,50.42,357,PEN_MOVE,104,82,3,27,746,1
2026-04-30T16:25:25.100000+00:00,1777566325100,1697846143745,24.46,50.39,363,PEN_MOVE,104,81,3,27,746,1
2026-04-30T16:25:25.129000+00:00,1777566325129,1697846143757,24.4,50.36,366,PEN_MOVE,103,80,3,27,746,1
2026-04-30T16:25:25.130000+00:00,1777566325130,1697846143768,24.29,50.35,366,PEN_MOVE,104,80,3,27,746,1
2026-04-30T16:25:25.159000+00:00,1777566325159,1697846143780,24.18,50.34,364,PEN_MOVE,105,81,3,27,746,1
2026-04-30T16:25:25.160000+00:00,1777566325160,1697846143792,24.08,50.35,362,PEN_MOVE,104,79,3,27,746,1
2026-04-30T16:25:25.160000+00:00,1777566325160,1697846143804,23.98,50.36,362,PEN_MOVE,105,79,3,27,746,1
2026-04-30T16:25:25.190000+00:00,1777566325190,1697846143815,23.91,50.43,373,PEN_MOVE,105,78,3,27,746,1
2026-04-30T16:25:25.190000+00:00,1777566325190,1697846143826,23.84,50.58,381,PEN_MOVE,105,77,3,27,746,1
2026-04-30T16:25:25.219000+00:00,1777566325219,1697846143837,23.79,50.77,381,PEN_MOVE,104,78,3,27,746,1
2026-04-30T16:25:25.220000+00:00,1777566325220,1697846143849,23.75,50.95,382,PEN_MOVE,104,80,3,27,746,1
2026-04-30T16:25:25.221000+00:00,1777566325221,1697846143861,23.73,51.06,385,PEN_MOVE,104,78,3,27,746,1
2026-04-30T16:25:25.249000+00:00,1777566325249,1697846143873,23.73,51.19,389,PEN_MOVE,104,78,3,27,746,1
2026-04-30T16:25:25.250000+00:00,1777566325250,1697846143884,23.74,51.31,396,PEN_MOVE,104,78,3,27,746,1
2026-04-30T16:25:25.251000+00:00,1777566325251,1697846143896,23.78,51.39,399,PEN_MOVE,104,78,3,27,746,1
2026-04-30T16:25:25.279000+00:00,1777566325279,1697846143906,23.85,51.46,404,PEN_MOVE,104,78,3,27,746,1
2026-04-30T16:25:25.280000+00:00,1777566325280,1697846143918,23.96,51.53,409,PEN_MOVE,102,80,3,27,746,1
2026-04-30T16:25:25.309000+00:00,1777566325309,1697846143930,24.03,51.58,409,PEN_MOVE,103,79,3,27,746,1
2026-04-30T16:25:25.310000+00:00,1777566325310,1697846143942,24.09,51.62,412,PEN_MOVE,103,82,3,27,746,1
2026-04-30T16:25:25.310000+00:00,1777566325310,1697846143954,24.17,51.65,411,PEN_MOVE,102,82,3,27,746,1
2026-04-30T16:25:25.340000+00:00,1777566325340,1697846143965,24.23,51.67,409,PEN_MOVE,102,83,3,27,746,1
2026-04-30T16:25:25.340000+00:00,1777566325340,1697846143977,24.29,51.68,395,PEN_MOVE,102,84,3,27,746,1
2026-04-30T16:25:25.369000+00:00,1777566325369,1697846143988,24.33,51.68,287,PEN_MOVE,102,84,3,27,746,1
2026-04-30T16:25:25.370000+00:00,1777566325370,1697846144000,24.35,51.67,115,PEN_MOVE,101,84,3,27,746,1
2026-04-30T16:25:25.370000+00:00,1777566325370,1697846144012,24.36,51.64,1,PEN_MOVE,102,85,3,27,746,1
2026-04-30T16:25:25.399000+00:00,1777566325399,1697846144036,-1,-1,0,PEN_UP,0,0,3,27,746,1
2026-04-30T16:25:25.609000+00:00,1777566325609,1697846144210,-1,-1,0,PEN_DOWN,0,0,3,27,746,1
2026-04-30T16:25:25.610000+00:00,1777566325610,1697846144233,25.33,50.46,201,PEN_MOVE,103,83,3,27,746,1
2026-04-30T16:25:25.669000+00:00,1777566325669,1697846144302,25.34,50.43,367,PEN_MOVE,103,83,3,27,746,1
2026-04-30T16:25:25.698000+00:00,1777566325698,1697846144325,25.26,50.4,387,PEN_MOVE,104,83,3,27,746,1
2026-04-30T16:25:25.699000+00:00,1777566325699,1697846144337,25.16,50.39,417,PEN_MOVE,103,83,3,27,746,1
2026-04-30T16:25:25.728000+00:00,1777566325728,1697846144349,25.04,50.39,413,PEN_MOVE,104,83,3,27,746,1
2026-04-30T16:25:25.730000+00:00,1777566325730,1697846144360,24.92,50.4,415,PEN_MOVE,104,83,3,27,746,1
2026-04-30T16:25:25.730000+00:00,1777566325730,1697846144372,24.79,50.41,408,PEN_MOVE,104,81,3,27,746,1
2026-04-30T16:25:25.758000+00:00,1777566325758,1697846144383,24.69,50.45,402,PEN_MOVE,104,81,3,27,746,1
2026-04-30T16:25:25.760000+00:00,1777566325760,1697846144395,24.63,50.52,398,PEN_MOVE,104,82,3,27,746,1
2026-04-30T16:25:25.760000+00:00,1777566325760,1697846144406,24.6,50.6,396,PEN_MOVE,104,81,3,27,746,1
2026-04-30T16:25:25.789000+00:00,1777566325789,1697846144418,24.6,50.68,400,PEN_MOVE,105,81,3,27,746,1
2026-04-30T16:25:25.789000+00:00,1777566325789,1697846144430,24.63,50.75,404,PEN_MOVE,105,80,3,27,746,1
2026-04-30T16:25:25.848000+00:00,1777566325848,1697846144441,24.7,50.82,406,PEN_MOVE,104,81,3,27,746,1
2026-04-30T16:25:25.849000+00:00,1777566325849,1697846144452,24.8,50.88,412,PEN_MOVE,104,81,3,27,746,1
2026-04-30T16:25:25.851000+00:00,1777566325851,1697846144464,24.94,50.93,417,PEN_MOVE,104,80,3,27,746,1
2026-04-30T16:25:25.851000+00:00,1777566325851,1697846144475,25.08,50.99,419,PEN_MOVE,103,81,3,27,746,1
2026-04-30T16:25:25.852000+00:00,1777566325852,1697846144487,25.21,51.05,421,PEN_MOVE,102,81,3,27,746,1
2026-04-30T16:25:25.881000+00:00,1777566325881,1697846144499,25.34,51.12,422,PEN_MOVE,102,82,3,27,746,1
2026-04-30T16:25:25.881000+00:00,1777566325881,1697846144510,25.43,51.22,421,PEN_MOVE,102,83,3,27,746,1
2026-04-30T16:25:25.881000+00:00,1777566325881,1697846144522,25.5,51.3,420,PEN_MOVE,104,84,3,27,746,1
2026-04-30T16:25:25.910000+00:00,1777566325910,1697846144534,25.53,51.37,423,PEN_MOVE,104,83,3,27,746,1
2026-04-30T16:25:25.911000+00:00,1777566325911,1697846144545,25.52,51.44,423,PEN_MOVE,101,82,3,27,746,1
2026-04-30T16:25:25.911000+00:00,1777566325911,1697846144557,25.5,51.51,451,PEN_MOVE,102,81,3,27,746,1
2026-04-30T16:25:25.939000+00:00,1777566325939,1697846144567,25.44,51.59,469,PEN_MOVE,101,83,3,27,746,1
2026-04-30T16:25:25.940000+00:00,1777566325940,1697846144580,25.34,51.67,479,PEN_MOVE,102,83,3,27,746,1
2026-04-30T16:25:25.999000+00:00,1777566325999,1697846144591,25.2,51.74,473,PEN_MOVE,102,84,3,27,746,1
2026-04-30T16:25:26+00:00,1777566326000,1697846144603,25.07,51.79,469,PEN_MOVE,102,83,3,27,746,1
2026-04-30T16:25:26+00:00,1777566326000,1697846144615,24.98,51.81,468,PEN_MOVE,103,84,3,27,746,1
2026-04-30T16:25:26.001000+00:00,1777566326001,1697846144626,24.89,51.82,465,PEN_MOVE,103,84,3,27,746,1
2026-04-30T16:25:26.002000+00:00,1777566326002,1697846144638,24.81,51.81,452,PEN_MOVE,103,84,3,27,746,1
2026-04-30T16:25:26.030000+00:00,1777566326030,1697846144649,24.76,51.79,436,PEN_MOVE,103,85,3,27,746,1
2026-04-30T16:25:26.031000+00:00,1777566326031,1697846144672,24.73,51.76,312,PEN_MOVE,103,85,3,27,746,1
2026-04-30T16:25:26.059000+00:00,1777566326059,1697846144695,24.74,51.74,54,PEN_MOVE,103,85,3,27,746,1
2026-04-30T16:25:26.060000+00:00,1777566326060,1697846144714,-1,-1,0,PEN_UP,0,0,3,27,746,1
2026-04-30T16:25:26.270000+00:00,1777566326270,1697846144885,-1,-1,0,PEN_DOWN,0,0,3,27,746,1
2026-04-30T16:25:26.270000+00:00,1777566326270,1697846144908,26.42,49.73,251,PEN_MOVE,105,82,3,27,746,1
2026-04-30T16:25:26.299000+00:00,1777566326299,1697846144931,26.45,49.73,336,PEN_MOVE,105,82,3,27,746,1
2026-04-30T16:25:26.329000+00:00,1777566326329,1697846144954,26.46,49.76,407,PEN_MOVE,105,85,3,27,746,1
2026-04-30T16:25:26.330000+00:00,1777566326330,1697846144965,26.46,49.8,445,PEN_MOVE,105,84,3,27,746,1
2026-04-30T16:25:26.331000+00:00,1777566326331,1697846144977,26.44,49.94,446,PEN_MOVE,105,83,3,27,746,1
2026-04-30T16:25:26.359000+00:00,1777566326359,1697846144990,26.39,50.13,472,PEN_MOVE,103,84,3,27,746,1
2026-04-30T16:25:26.360000+00:00,1777566326360,1697846145001,26.3,50.33,501,PEN_MOVE,103,84,3,27,746,1
2026-04-30T16:25:26.389000+00:00,1777566326389,1697846145012,26.21,50.54,508,PEN_MOVE,103,84,3,27,746,1
2026-04-30T16:25:26.390000+00:00,1777566326390,1697846145023,26.11,50.75,505,PEN_MOVE,104,85,3,27,746,1
2026-04-30T16:25:26.391000+00:00,1777566326391,1697846145035,26.05,50.98,501,PEN_MOVE,103,85,3,27,746,1
2026-04-30T16:25:26.422000+00:00,1777566326422,1697846145046,26.02,51.09,498,PEN_MOVE,103,85,3,27,746,1
2026-04-30T16:25:26.422000+00:00,1777566326422,1697846145057,26.02,51.18,498,PEN_MOVE,103,84,3,27,746,1
2026-04-30T16:25:26.450000+00:00,1777566326450,1697846145070,26.04,51.25,502,PEN_MOVE,101,86,3,27,746,1
2026-04-30T16:25:26.450000+00:00,1777566326450,1697846145081,26.08,51.29,507,PEN_MOVE,101,85,3,27,746,1
2026-04-30T16:25:26.450000+00:00,1777566326450,1697846145093,26.13,51.33,509,PEN_MOVE,102,87,3,27,746,1
2026-04-30T16:25:26.509000+00:00,1777566326509,1697846145104,26.19,51.37,511,PEN_MOVE,102,86,3,27,746,1
2026-04-30T16:25:26.510000+00:00,1777566326510,1697846145115,26.25,51.39,511,PEN_MOVE,102,87,3,27,746,1
2026-04-30T16:25:26.510000+00:00,1777566326510,1697846145126,26.3,51.39,510,PEN_MOVE,102,87,3,27,746,1
2026-04-30T16:25:26.511000+00:00,1777566326511,1697846145139,26.39,51.39,502,PEN_MOVE,101,86,3,27,746,1
2026-04-30T16:25:26.511000+00:00,1777566326511,1697846145150,26.45,51.39,492,PEN_MOVE,102,86,3,27,746,1
2026-04-30T16:25:26.539000+00:00,1777566326539,1697846145162,26.52,51.38,431,PEN_MOVE,101,86,3,27,746,1
2026-04-30T16:25:26.540000+00:00,1777566326540,1697846145173,26.57,51.37,342,PEN_MOVE,101,86,3,27,746,1
2026-04-30T16:25:26.569000+00:00,1777566326569,1697846145196,26.6,51.34,65,PEN_MOVE,101,87,3,27,746,1
2026-04-30T16:25:26.570000+00:00,1777566326570,1697846145215,-1,-1,0,PEN_UP,0,0,3,27,746,1
2026-04-30T16:25:26.750000+00:00,1777566326750,1697846145366,-1,-1,0,PEN_DOWN,0,0,3,27,746,1
2026-04-30T16:25:26.750000+00:00,1777566326750,1697846145389,25.56,50.73,283,PEN_MOVE,103,83,3,27,746,1
2026-04-30T16:25:26.779000+00:00,1777566326779,1697846145412,25.59,50.73,373,PEN_MOVE,104,83,3,27,746,1
2026-04-30T16:25:26.809000+00:00,1777566326809,1697846145435,25.64,50.73,415,PEN_MOVE,105,84,3,27,746,1
2026-04-30T16:25:26.810000+00:00,1777566326810,1697846145447,25.71,50.74,432,PEN_MOVE,105,84,3,27,746,1
2026-04-30T16:25:26.839000+00:00,1777566326839,1697846145458,25.79,50.75,428,PEN_MOVE,105,82,3,27,746,1
2026-04-30T16:25:26.840000+00:00,1777566326840,1697846145470,25.89,50.76,433,PEN_MOVE,105,82,3,27,746,1
2026-04-30T16:25:26.840000+00:00,1777566326840,1697846145482,26.05,50.77,433,PEN_MOVE,102,84,3,27,746,1
2026-04-30T16:25:26.869000+00:00,1777566326869,1697846145493,26.14,50.78,431,PEN_MOVE,103,84,3,27,746,1
2026-04-30T16:25:26.871000+00:00,1777566326871,1697846145504,26.22,50.78,431,PEN_MOVE,103,85,3,27,746,1
2026-04-30T16:25:26.872000+00:00,1777566326872,1697846145516,26.3,50.78,429,PEN_MOVE,103,86,3,27,746,1
2026-04-30T16:25:26.901000+00:00,1777566326901,1697846145527,26.38,50.78,431,PEN_MOVE,103,86,3,27,746,1
2026-04-30T16:25:26.901000+00:00,1777566326901,1697846145538,26.46,50.78,433,PEN_MOVE,104,86,3,27,746,1
2026-04-30T16:25:26.959000+00:00,1777566326959,1697846145551,26.53,50.77,435,PEN_MOVE,103,87,3,27,746,1
2026-04-30T16:25:26.960000+00:00,1777566326960,1697846145562,26.58,50.77,438,PEN_MOVE,103,86,3,27,746,1
2026-04-30T16:25:26.961000+00:00,1777566326961,1697846145574,26.61,50.77,439,PEN_MOVE,103,85,3,27,746,1
2026-04-30T16:25:26.961000+00:00,1777566326961,1697846145596,26.64,50.77,473,PEN_MOVE,103,86,3,27,746,1
2026-04-30T16:25:27.050000+00:00,1777566327050,1697846145678,26.58,50.74,21,PEN_MOVE,102,85,3,27,746,1
2026-04-30T16:25:27.050000+00:00,1777566327050,1697846145694,-1,-1,0,PEN_UP,0,0,3,27,746,1
